,Unnamed: 0,AliasName,Address,Data Type,Respect Data Type,Client Access,Scan Rate,Scaling,Raw Low,Raw High,Scaled Low,Scaled High,Scaled Data Type,Clamp Low,Clamp High,Eng Units,Description,Negate Value
0,0,AirBiasVal,AIRBIASVAL,Float,1.0,R/W,100.0,,,,,,,,,,Air ,
1,1,AirCv,AIRCV,Float,1.0,R/W,100.0,,,,,,,,,,Control Valve Air ,
2,2,AirDb,AIRDB,Float,1.0,R/W,100.0,,,,,,,,,,Air ,
3,3,AirErrAlDb,AIRERRALDB,Float,1.0,R/W,100.0,,,,,,,,,,Error Air ,
4,4,AirErrNegAlLim,AIRERRNEGALLIM,Float,1.0,R/W,100.0,,,,,,,,,,Error Limit Air ,
5,5,AirErrPosAlLim,AIRERRPOSALLIM,Float,1.0,R/W,100.0,,,,,,,,,,Error Limit Air ,
6,6,AirFlwTmpComp,AIRFLWTMPCOMP,Float,1.0,R/W,100.0,,,,,,,,,,Air ,
7,7,AirHtrInTmp,AIRHTRINTMP,Float,1.0,R/W,100.0,,,,,,,,,,Heater Air ,
8,8,AirHtrInTmpMax,AIRHTRINTMPMAX,Float,1.0,R/W,100.0,,,,,,,,,,Heater Air ,
9,9,AirHtrInTmpMin,AIRHTRINTMPMIN,Float,1.0,R/W,100.0,,,,,,,,,,Heater Air ,
10,10,AirHtrInTmpPct,AIRHTRINTMPPCT,Float,1.0,R/W,100.0,,,,,,,,,,Heater Air ,
11,11,AirHtrInTmpRng,AIRHTRINTMPRNG,Float,1.0,R/W,100.0,,,,,,,,,,Heater Air ,
12,12,AirKc,AIRKC,Float,1.0,R/W,100.0,,,,,,,,,,Air ,
13,13,AirKcFast,AIRKCFAST,Float,1.0,R/W,100.0,,,,,,,,,,Air ,
14,14,AirMeasFlw,AIRMEASFLW,Float,1.0,R/W,100.0,,,,,,,,,,Air ,
15,15,AirMeasFlwPct,AIRMEASFLWPCT,Float,1.0,R/W,100.0,,,,,,,,,,Air ,
16,16,AirMeasTmp,AIRMEASTMP,Float,1.0,R/W,100.0,,,,,,,,,,Air ,
17,17,AirOut,AIROUT,Float,1.0,R/W,100.0,,,,,,,,,,Air ,
18,18,AirOutLtoffDual,AIROUTLTOFFDUAL,Float,1.0,R/W,100.0,,,,,,,,,,Air ,
19,19,AirOutLtoffGas,AIROUTLTOFFGAS,Float,1.0,R/W,100.0,,,,,,,,,,Air ,
20,20,AirOutLtoffOil,AIROUTLTOFFOIL,Float,1.0,R/W,100.0,,,,,,,,,,Air ,
21,21,AirPv,AIRPV,Float,1.0,R/W,100.0,,,,,,,,,,Air ,
22,22,AirPvAlDb,AIRPVALDB,Float,1.0,R/W,100.0,,,,,,,,,,Air ,
23,23,AirPvHiAlLim,AIRPVHIALLIM,Float,1.0,R/W,100.0,,,,,,,,,,Limit Air ,
24,24,AirPvLoAlLim,AIRPVLOALLIM,Float,1.0,R/W,100.0,,,,,,,,,,Limit Air ,
25,25,AirPvMax,AIRPVMAX,Float,1.0,R/W,100.0,,,,,,,,,,Air ,
26,26,AirPvMin,AIRPVMIN,Float,1.0,R/W,100.0,,,,,,,,,,Air ,
27,27,AirPvPreFar,AIRPVPREFAR,Float,1.0,R/W,100.0,,,,,,,,,,Air ,
28,28,AirPvPreTrim,AIRPVPRETRIM,Float,1.0,R/W,100.0,,,,,,,,,,Air ,
29,29,AirPvRng,AIRPVRNG,Float,1.0,R/W,100.0,,,,,,,,,,Air ,
30,30,AirPvSpDev,AIRPVSPDEV,Float,1.0,R/W,100.0,,,,,,,,,,Air ,
31,31,AirRefTmp,AIRREFTMP,Float,1.0,R/W,100.0,,,,,,,,,,Air ,
32,32,AirSp,AIRSP,Float,1.0,R/W,100.0,,,,,,,,,,Air ,
33,33,AirSpare2,AIRSPARE2,Float,1.0,R/W,100.0,,,,,,,,,,Air ,
34,34,AirSpareParm1,AIRSPAREPARM1,Float,1.0,R/W,100.0,,,,,,,,,,Air ,
35,35,AirSpHiLim,AIRSPHILIM,Float,1.0,R/W,100.0,,,,,,,,,,Limit Air ,
36,36,AirSpLoLim,AIRSPLOLIM,Float,1.0,R/W,100.0,,,,,,,,,,Limit Air ,
37,37,AirTd,AIRTD,Float,1.0,R/W,100.0,,,,,,,,,,Air ,
38,38,AirTdFast,AIRTDFAST,Float,1.0,R/W,100.0,,,,,,,,,,Air ,
39,39,AirTi,AIRTI,Float,1.0,R/W,100.0,,,,,,,,,,Air ,
40,40,AirTiFast,AIRTIFAST,Float,1.0,R/W,100.0,,,,,,,,,,Air ,
41,41,AiSpare69,AISPARE69,Float,1.0,R/W,100.0,,,,,,,,,,,
42,42,AiSpare69Max,AISPARE69MAX,Float,1.0,R/W,100.0,,,,,,,,,,,
43,43,AiSpare69Min,AISPARE69MIN,Float,1.0,R/W,100.0,,,,,,,,,,,
44,44,AiSpare69Pct,AISPARE69PCT,Float,1.0,R/W,100.0,,,,,,,,,,,
45,45,AiSpare69Rng,AISPARE69RNG,Float,1.0,R/W,100.0,,,,,,,,,,,
46,46,AiSpare80Eu,AISPARE80EU,Float,1.0,R/W,100.0,,,,,,,,,,,
47,47,AiSpare80Max,AISPARE80MAX,Float,1.0,R/W,100.0,,,,,,,,,,,
48,48,AiSpare80Min,AISPARE80MIN,Float,1.0,R/W,100.0,,,,,,,,,,,
49,49,AiSpare80Pct,AISPARE80PCT,Float,1.0,R/W,100.0,,,,,,,,,,,
50,50,AiSpare80Rng,AISPARE80RNG,Float,1.0,R/W,100.0,,,,,,,,,,,
51,51,AoAphTcvPos,AOAPHTCVPOS,Float,1.0,R/W,100.0,,,,,,,,,,Control Valve ,
52,52,AoAphTcvPosSet,AOAPHTCVPOSSET,Float,1.0,R/W,100.0,,,,,,,,,,Control Valve ,
53,53,AoAphTcvPosSetDev,AOAPHTCVPOSSETDEV,Float,1.0,R/W,100.0,,,,,,,,,,Control Valve ,
54,54,AoAtmStmPcvPos,AOATMSTMPCVPOS,Float,1.0,R/W,100.0,,,,,,,,,,Control Valve ,
55,55,AoAtmStmPosSet,AOATMSTMPOSSET,Float,1.0,R/W,100.0,,,,,,,,,,,
56,56,AoAtmStmPosSetDev,AOATMSTMPOSSETDEV,Float,1.0,R/W,100.0,,,,,,,,,,,
57,57,AoBiasFcvPos,AOBIASFCVPOS,Float,1.0,R/W,100.0,,,,,,,,,,Control Valve ,
58,58,AoBiasFcvPosSet,AOBIASFCVPOSSET,Float,1.0,R/W,100.0,,,,,,,,,,Control Valve ,
59,59,AoBiasFcvPosSetDev,AOBIASFCVPOSSETDEV,Float,1.0,R/W,100.0,,,,,,,,,,Control Valve ,
60,60,AoDaStmPcvPos,AODASTMPCVPOS,Float,1.0,R/W,100.0,,,,,,,,,,Control Valve ,
61,61,AoDaStmPcvPosSet,AODASTMPCVPOSSET,Float,1.0,R/W,100.0,,,,,,,,,,Control Valve ,
62,62,AoDaStmPcvPosSetDev,AODASTMPCVPOSSETDEV,Float,1.0,R/W,100.0,,,,,,,,,,Control Valve ,
63,63,AoDaWtrLcv2Pos,AODAWTRLCV2POS,Float,1.0,R/W,100.0,,,,,,,,,,Control Valve ,
64,64,AoDaWtrLcv2PosSet,AODAWTRLCV2POSSET,Float,1.0,R/W,100.0,,,,,,,,,,Control Valve ,
65,65,AoDaWtrLcv2PosSetDev,AODAWTRLCV2POSSETDEV,Float,1.0,R/W,100.0,,,,,,,,,,Control Valve ,
66,66,AoDaWtrLcvPos,AODAWTRLCVPOS,Float,1.0,R/W,100.0,,,,,,,,,,Control Valve ,
67,67,AoDaWtrLcvPosSet,AODAWTRLCVPOSSET,Float,1.0,R/W,100.0,,,,,,,,,,Control Valve ,
68,68,AoDaWtrLcvPosSetDev,AODAWTRLCVPOSSETDEV,Float,1.0,R/W,100.0,,,,,,,,,,Control Valve ,
69,69,AoFddPos,AOFDDPOS,Float,1.0,R/W,100.0,,,,,,,,,,,
70,70,AoFddPosSet,AOFDDPOSSET,Float,1.0,R/W,100.0,,,,,,,,,,,
71,71,AoFddPosSetDev,AOFDDPOSSETDEV,Float,1.0,R/W,100.0,,,,,,,,,,,
72,72,AoFdfSpd,AOFDFSPD,Float,1.0,R/W,100.0,,,,,,,,,,,
73,73,AoFdfSpdSet,AOFDFSPDSET,Float,1.0,R/W,100.0,,,,,,,,,,,
74,74,AoFdfSpdSetDev,AOFDFSPDSETDEV,Float,1.0,R/W,100.0,,,,,,,,,,,
75,75,AoFdw1Spd,AOFDW1SPD,Float,1.0,R/W,100.0,,,,,,,,,,,
76,76,AoFdw1SpdSet,AOFDW1SPDSET,Float,1.0,R/W,100.0,,,,,,,,,,,
77,77,AoFdw1SpdSetDev,AOFDW1SPDSETDEV,Float,1.0,R/W,100.0,,,,,,,,,,,
78,78,AoFdw2Spd,AOFDW2SPD,Float,1.0,R/W,100.0,,,,,,,,,,,
79,79,AoFdw2SpdSet,AOFDW2SPDSET,Float,1.0,R/W,100.0,,,,,,,,,,,
80,80,AoFdw2SpdSetDev,AOFDW2SPDSETDEV,Float,1.0,R/W,100.0,,,,,,,,,,,
81,81,AoFdwFcvPos,AOFDWFCVPOS,Float,1.0,R/W,100.0,,,,,,,,,,Control Valve ,
82,82,AoFdwFcvPosSet,AOFDWFCVPOSSET,Float,1.0,R/W,100.0,,,,,,,,,,Control Valve ,
83,83,AoFdwFcvPosSetDev,AOFDWFCVPOSSETDEV,Float,1.0,R/W,100.0,,,,,,,,,,Control Valve ,
84,84,AoFgrdPos,AOFGRDPOS,Float,1.0,R/W,100.0,,,,,,,,,,,
85,85,AoFgrdPosSet,AOFGRDPOSSET,Float,1.0,R/W,100.0,,,,,,,,,,,
86,86,AoFgrdPosSetDev,AOFGRDPOSSETDEV,Float,1.0,R/W,100.0,,,,,,,,,,,
87,87,AoFgrfSpd,AOFGRFSPD,Float,1.0,R/W,100.0,,,,,,,,,,,
88,88,AoFgrfSpdSet,AOFGRFSPDSET,Float,1.0,R/W,100.0,,,,,,,,,,,
89,89,AoFgrfSpdSetDev,AOFGRFSPDSETDEV,Float,1.0,R/W,100.0,,,,,,,,,,,
90,90,AoGasFcvPos,AOGASFCVPOS,Float,1.0,R/W,100.0,,,,,,,,,,Control Valve ,
91,91,AoGasFcvPosSet,AOGASFCVPOSSET,Float,1.0,R/W,100.0,,,,,,,,,,Control Valve ,
92,92,AoGasFcvPosSetDev,AOGASFCVPOSSETDEV,Float,1.0,R/W,100.0,,,,,,,,,,Control Valve ,
93,93,AoIbdPos,AOIBDPOS,Float,1.0,R/W,100.0,,,,,,,,,,,
94,94,AoIbdPosSet,AOIBDPOSSET,Float,1.0,R/W,100.0,,,,,,,,,,,
95,95,AoIbdPosSetDev,AOIBDPOSSETDEV,Float,1.0,R/W,100.0,,,,,,,,,,,
96,96,AoIdfSpd,AOIDFSPD,Float,1.0,R/W,100.0,,,,,,,,,,,
97,97,AoIdfSpdSet,AOIDFSPDSET,Float,1.0,R/W,100.0,,,,,,,,,,,
98,98,AoIdfSpdSetDev,AOIDFSPDSETDEV,Float,1.0,R/W,100.0,,,,,,,,,,,
99,99,AoIvdPos,AOIVDPOS,Float,1.0,R/W,100.0,,,,,,,,,,,
100,100,AoIvdPosSet,AOIVDPOSSET,Float,1.0,R/W,100.0,,,,,,,,,,,
101,101,AoIvdPosSetDev,AOIVDPOSSETDEV,Float,1.0,R/W,100.0,,,,,,,,,,,
102,102,AoJckPos,AOJCKPOS,Float,1.0,R/W,100.0,,,,,,,,,,,
103,103,AoJckPosSet,AOJCKPOSSET,Float,1.0,R/W,100.0,,,,,,,,,,,
104,104,AoJckPosSetDev,AOJCKPOSSETDEV,Float,1.0,R/W,100.0,,,,,,,,,,,
105,105,AoMdPcvPos,AOMDPCVPOS,Float,1.0,R/W,100.0,,,,,,,,,,Control Valve ,
106,106,AoMdPcvPosSet,AOMDPCVPOSSET,Float,1.0,R/W,100.0,,,,,,,,,,Control Valve ,
107,107,AoMdPcvPosSetDev,AOMDPCVPOSSETDEV,Float,1.0,R/W,100.0,,,,,,,,,,Control Valve ,
108,108,AoOilFcvPos,AOOILFCVPOS,Float,1.0,R/W,100.0,,,,,,,,,,Control Valve ,
109,109,AoOilFcvPosSet,AOOILFCVPOSSET,Float,1.0,R/W,100.0,,,,,,,,,,Control Valve ,
110,110,AoOilFcvPosSetDev,AOOILFCVPOSSETDEV,Float,1.0,R/W,100.0,,,,,,,,,,Control Valve ,
111,111,AoOutDmpPos,AOOUTDMPPOS,Float,1.0,R/W,100.0,,,,,,,,,,,
112,112,AoOutDmpPosSet,AOOUTDMPPOSSET,Float,1.0,R/W,100.0,,,,,,,,,,,
113,113,AoOutDmpPosSetDev,AOOUTDMPPOSSETDEV,Float,1.0,R/W,100.0,,,,,,,,,,,
114,114,AoSpare17,AOSPARE17,Float,1.0,R/W,100.0,,,,,,,,,,,
115,115,AoSpare17PosSet,AOSPARE17POSSET,Float,1.0,R/W,100.0,,,,,,,,,,,
116,116,AoSpare17PosSetDev,AOSPARE17POSSETDEV,Float,1.0,R/W,100.0,,,,,,,,,,,
117,117,AoSpare26,AOSPARE26,Float,1.0,R/W,100.0,,,,,,,,,,,
118,118,AoSpare26PosSet,AOSPARE26POSSET,Float,1.0,R/W,100.0,,,,,,,,,,,
119,119,AoSpare26PosSetDev,AOSPARE26POSSETDEV,Float,1.0,R/W,100.0,,,,,,,,,,,
120,120,AoSpare27,AOSPARE27,Float,1.0,R/W,100.0,,,,,,,,,,,
121,121,AoSpare27PosSet,AOSPARE27POSSET,Float,1.0,R/W,100.0,,,,,,,,,,,
122,122,AoSpare27PosSetDev,AOSPARE27POSSETDEV,Float,1.0,R/W,100.0,,,,,,,,,,,
123,123,AoSpare28,AOSPARE28,Float,1.0,R/W,100.0,,,,,,,,,,,
124,124,AoSpare28PosSet,AOSPARE28POSSET,Float,1.0,R/W,100.0,,,,,,,,,,,
125,125,AoSpare28PosSetDev,AOSPARE28POSSETDEV,Float,1.0,R/W,100.0,,,,,,,,,,,
126,126,AoSpare29,AOSPARE29,Float,1.0,R/W,100.0,,,,,,,,,,,
127,127,AoSpare29PosSet,AOSPARE29POSSET,Float,1.0,R/W,100.0,,,,,,,,,,,
128,128,AoSpare29PosSetDev,AOSPARE29POSSETDEV,Float,1.0,R/W,100.0,,,,,,,,,,,
129,129,AoSpare30,AOSPARE30,Float,1.0,R/W,100.0,,,,,,,,,,,
130,130,AoSpare30PosSet,AOSPARE30POSSET,Float,1.0,R/W,100.0,,,,,,,,,,,
131,131,AoSpare30PosSetDev,AOSPARE30POSSETDEV,Float,1.0,R/W,100.0,,,,,,,,,,,
132,132,AoSpare31,AOSPARE31,Float,1.0,R/W,100.0,,,,,,,,,,,
133,133,AoSpare31PosSet,AOSPARE31POSSET,Float,1.0,R/W,100.0,,,,,,,,,,,
134,134,AoSpare31PosSetDev,AOSPARE31POSSETDEV,Float,1.0,R/W,100.0,,,,,,,,,,,
135,135,AoSpare32,AOSPARE32,Float,1.0,R/W,100.0,,,,,,,,,,,
136,136,AoSpare32PosSet,AOSPARE32POSSET,Float,1.0,R/W,100.0,,,,,,,,,,,
137,137,AoSpare32PosSetDev,AOSPARE32POSSETDEV,Float,1.0,R/W,100.0,,,,,,,,,,,
138,138,AoStmInjFcvPos,AOSTMINJFCVPOS,Float,1.0,R/W,100.0,,,,,,,,,,Control Valve ,
139,139,AoStmInjFcvPosSet,AOSTMINJFCVPOSSET,Float,1.0,R/W,100.0,,,,,,,,,,Control Valve ,
140,140,AoStmInjFcvPosSetDev,AOSTMINJFCVPOSSETDEV,Float,1.0,R/W,100.0,,,,,,,,,,Control Valve ,
141,141,AoStmTcvPos,AOSTMTCVPOS,Float,1.0,R/W,100.0,,,,,,,,,,Control Valve ,
142,142,AoStmTcvPosSet,AOSTMTCVPOSSET,Float,1.0,R/W,100.0,,,,,,,,,,Control Valve ,
143,143,AoStmTcvPosSetDev,AOSTMTCVPOSSETDEV,Float,1.0,R/W,100.0,,,,,,,,,,Control Valve ,
144,144,AoWbdPos,AOWBDPOS,Float,1.0,R/W,100.0,,,,,,,,,,,
145,145,AoWbdPosSet,AOWBDPOSSET,Float,1.0,R/W,100.0,,,,,,,,,,,
146,146,AoWbdPosSetDev,AOWBDPOSSETDEV,Float,1.0,R/W,100.0,,,,,,,,,,,
147,147,AphTcvPos,APHTCVPOS,Float,1.0,R/W,100.0,,,,,,,,,,Control Valve ,
148,148,AphTcvPosDev,APHTCVPOSDEV,Float,1.0,R/W,100.0,,,,,,,,,,Control Valve ,
149,149,AtmStmPcvPos,ATMSTMPCVPOS,Float,1.0,R/W,100.0,,,,,,,,,,Control Valve ,
150,150,AtmStmPcvPosDev,ATMSTMPCVPOSDEV,Float,1.0,R/W,100.0,,,,,,,,,,Control Valve ,
151,151,B7AirPrs,B7AIRPRS,Float,1.0,R/W,100.0,,,,,,,,,,Air ,
152,152,B7AirPrsMax,B7AIRPRSMAX,Float,1.0,R/W,100.0,,,,,,,,,,Air ,
153,153,B7AirPrsMin,B7AIRPRSMIN,Float,1.0,R/W,100.0,,,,,,,,,,Air ,
154,154,B7AirPrsPct,B7AIRPRSPCT,Float,1.0,R/W,100.0,,,,,,,,,,Air ,
155,155,B7AirPrsRng,B7AIRPRSRNG,Float,1.0,R/W,100.0,,,,,,,,,,Air ,
156,156,B7ChemCond,B7CHEMCOND,Float,1.0,R/W,100.0,,,,,,,,,,,
157,157,B7ChemCondMax,B7CHEMCONDMAX,Float,1.0,R/W,100.0,,,,,,,,,,,
158,158,B7ChemCondMin,B7CHEMCONDMIN,Float,1.0,R/W,100.0,,,,,,,,,,,
159,159,B7ChemCondPct,B7CHEMCONDPCT,Float,1.0,R/W,100.0,,,,,,,,,,,
160,160,B7ChemCondRng,B7CHEMCONDRNG,Float,1.0,R/W,100.0,,,,,,,,,,,
161,161,B7CondRetFlw,B7CONDRETFLW,Float,1.0,R/W,100.0,,,,,,,,,,,
162,162,B7CondRetFlwMax,B7CONDRETFLWMAX,Float,1.0,R/W,100.0,,,,,,,,,,,
163,163,B7CondRetFlwMin,B7CONDRETFLWMIN,Float,1.0,R/W,100.0,,,,,,,,,,,
164,164,B7CondRetFlwPct,B7CONDRETFLWPCT,Float,1.0,R/W,100.0,,,,,,,,,,,
165,165,B7CondRetFlwRng,B7CONDRETFLWRNG,Float,1.0,R/W,100.0,,,,,,,,,,,
166,166,B7DeminFlw,B7DEMINFLW,Float,1.0,R/W,100.0,,,,,,,,,,,
167,167,B7DeminFlwMax,B7DEMINFLWMAX,Float,1.0,R/W,100.0,,,,,,,,,,,
168,168,B7DeminFlwMin,B7DEMINFLWMIN,Float,1.0,R/W,100.0,,,,,,,,,,,
169,169,B7DeminFlwPct,B7DEMINFLWPCT,Float,1.0,R/W,100.0,,,,,,,,,,,
170,170,B7DeminFlwRng,B7DEMINFLWRNG,Float,1.0,R/W,100.0,,,,,,,,,,,
171,171,B7WtrPrs,B7WTRPRS,Float,1.0,R/W,100.0,,,,,,,,,,,
172,172,B7WtrPrsMax,B7WTRPRSMAX,Float,1.0,R/W,100.0,,,,,,,,,,,
173,173,B7WtrPrsMin,B7WTRPRSMIN,Float,1.0,R/W,100.0,,,,,,,,,,,
174,174,B7WtrPrsPct,B7WTRPRSPCT,Float,1.0,R/W,100.0,,,,,,,,,,,
175,175,B7WtrPrsRng,B7WTRPRSRNG,Float,1.0,R/W,100.0,,,,,,,,,,,
176,176,BFWCondHiHiLim,BFWCONDHIHILIM,Float,1.0,R/W,100.0,,,,,,,,,,Limit ,
177,177,BFWCondHiLim,BFWCONDHILIM,Float,1.0,R/W,100.0,,,,,,,,,,Limit ,
178,178,BiasFcvPos,BIASFCVPOS,Float,1.0,R/W,100.0,,,,,,,,,,Control Valve ,
179,179,BiasFcvPosDev,BIASFCVPOSDEV,Float,1.0,R/W,100.0,,,,,,,,,,Control Valve ,
180,180,BiasFcvPosFb,BIASFCVPOSFB,Float,1.0,R/W,100.0,,,,,,,,,,Control Valve ,
181,181,BiasFcvPosFbMax,BIASFCVPOSFBMAX,Float,1.0,R/W,100.0,,,,,,,,,,Control Valve ,
182,182,BiasFcvPosFbMin,BIASFCVPOSFBMIN,Float,1.0,R/W,100.0,,,,,,,,,,Control Valve ,
183,183,BiasFcvPosFbPct,BIASFCVPOSFBPCT,Float,1.0,R/W,100.0,,,,,,,,,,Control Valve ,
184,184,BiasFcvPosFbRng,BIASFCVPOSFBRNG,Float,1.0,R/W,100.0,,,,,,,,,,Control Valve ,
185,185,BlrExPrs,BLREXPRS,Float,1.0,R/W,100.0,,,,,,,,,,,
186,186,BlrExPrsMax,BLREXPRSMAX,Float,1.0,R/W,100.0,,,,,,,,,,,
187,187,BlrExPrsMin,BLREXPRSMIN,Float,1.0,R/W,100.0,,,,,,,,,,,
188,188,BlrExPrsPct,BLREXPRSPCT,Float,1.0,R/W,100.0,,,,,,,,,,,
189,189,BlrExPrsRng,BLREXPRSRNG,Float,1.0,R/W,100.0,,,,,,,,,,,
190,190,BmsLastScan,BMSLASTSCAN,Float,1.0,R/W,100.0,,,,,,,,,,,
191,191,BmsMaxScan,BMSMAXSCAN,Float,1.0,R/W,100.0,,,,,,,,,,,
192,192,BrnRegDp,BRNREGDP,Float,1.0,R/W,100.0,,,,,,,,,,,
193,193,BrnRegDpMax,BRNREGDPMAX,Float,1.0,R/W,100.0,,,,,,,,,,,
194,194,BrnRegDpMin,BRNREGDPMIN,Float,1.0,R/W,100.0,,,,,,,,,,,
195,195,BrnRegDpPct,BRNREGDPPCT,Float,1.0,R/W,100.0,,,,,,,,,,,
196,196,BrnRegDpRng,BRNREGDPRNG,Float,1.0,R/W,100.0,,,,,,,,,,,
197,197,CabIntTmp,CABINTTMP,Float,1.0,R/W,100.0,,,,,,,,,,,
198,198,CabIntTmpMax,CABINTTMPMAX,Float,1.0,R/W,100.0,,,,,,,,,,,
199,199,CabIntTmpMin,CABINTTMPMIN,Float,1.0,R/W,100.0,,,,,,,,,,,
200,200,CabIntTmpPct,CABINTTMPPCT,Float,1.0,R/W,100.0,,,,,,,,,,,
201,201,CabIntTmpRng,CABINTTMPRNG,Float,1.0,R/W,100.0,,,,,,,,,,,
202,202,CbdFlw,CBDFLW,Float,1.0,R/W,100.0,,,,,,,,,,,
203,203,CbdFlwMax,CBDFLWMAX,Float,1.0,R/W,100.0,,,,,,,,,,,
204,204,CbdFlwMin,CBDFLWMIN,Float,1.0,R/W,100.0,,,,,,,,,,,
205,205,CbdFlwPct,CBDFLWPCT,Float,1.0,R/W,100.0,,,,,,,,,,,
206,206,CbdFlwRng,CBDFLWRNG,Float,1.0,R/W,100.0,,,,,,,,,,,
207,207,CombAirFlwA,COMBAIRFLWA,Float,1.0,R/W,100.0,,,,,,,,,,Air ,
208,208,CombAirFlwAMax,COMBAIRFLWAMAX,Float,1.0,R/W,100.0,,,,,,,,,,Air ,
209,209,CombAirFlwAMin,COMBAIRFLWAMIN,Float,1.0,R/W,100.0,,,,,,,,,,Air ,
210,210,CombAirFlwAPct,COMBAIRFLWAPCT,Float,1.0,R/W,100.0,,,,,,,,,,Air ,
211,211,CombAirFlwARng,COMBAIRFLWARNG,Float,1.0,R/W,100.0,,,,,,,,,,Air ,
212,212,CombAirFlwB,COMBAIRFLWB,Float,1.0,R/W,100.0,,,,,,,,,,Air ,
213,213,CombAirFlwBMax,COMBAIRFLWBMAX,Float,1.0,R/W,100.0,,,,,,,,,,Air ,
214,214,CombAirFlwBMin,COMBAIRFLWBMIN,Float,1.0,R/W,100.0,,,,,,,,,,Air ,
215,215,CombAirFlwBPct,COMBAIRFLWBPCT,Float,1.0,R/W,100.0,,,,,,,,,,Air ,
216,216,CombAirFlwBRng,COMBAIRFLWBRNG,Float,1.0,R/W,100.0,,,,,,,,,,Air ,
217,217,CombAirFlwDevEuLim,COMBAIRFLWDEVEULIM,Float,1.0,R/W,100.0,,,,,,,,,,Limit Air ,
218,218,CombAirFlwEuAvg,COMBAIRFLWEUAVG,Float,1.0,R/W,100.0,,,,,,,,,,Air ,
219,219,CombAirFlwEuDev,COMBAIRFLWEUDEV,Float,1.0,R/W,100.0,,,,,,,,,,Air ,
220,220,CombAirFlwPctAvg,COMBAIRFLWPCTAVG,Float,1.0,R/W,100.0,,,,,,,,,,Air ,
221,221,CombAirInTmp,COMBAIRINTMP,Float,1.0,R/W,100.0,,,,,,,,,,Air ,
222,222,CombAirInTmpMax,COMBAIRINTMPMAX,Float,1.0,R/W,100.0,,,,,,,,,,Air ,
223,223,CombAirInTmpMin,COMBAIRINTMPMIN,Float,1.0,R/W,100.0,,,,,,,,,,Air ,
224,224,CombAirInTmpPct,COMBAIRINTMPPCT,Float,1.0,R/W,100.0,,,,,,,,,,Air ,
225,225,CombAirInTmpRng,COMBAIRINTMPRNG,Float,1.0,R/W,100.0,,,,,,,,,,Air ,
226,226,CombAirPhTmp,COMBAIRPHTMP,Float,1.0,R/W,100.0,,,,,,,,,,Air ,
227,227,CombAirPhTmpMax,COMBAIRPHTMPMAX,Float,1.0,R/W,100.0,,,,,,,,,,Air ,
228,228,CombAirPhTmpMin,COMBAIRPHTMPMIN,Float,1.0,R/W,100.0,,,,,,,,,,Air ,
229,229,CombAirPhTmpPct,COMBAIRPHTMPPCT,Float,1.0,R/W,100.0,,,,,,,,,,Air ,
230,230,CombAirPhTmpRng,COMBAIRPHTMPRNG,Float,1.0,R/W,100.0,,,,,,,,,,Air ,
231,231,CombAirPrs,COMBAIRPRS,Float,1.0,R/W,100.0,,,,,,,,,,Air ,
232,232,CombAirPrsMax,COMBAIRPRSMAX,Float,1.0,R/W,100.0,,,,,,,,,,Air ,
233,233,CombAirPrsMin,COMBAIRPRSMIN,Float,1.0,R/W,100.0,,,,,,,,,,Air ,
234,234,CombAirPrsPct,COMBAIRPRSPCT,Float,1.0,R/W,100.0,,,,,,,,,,Air ,
235,235,CombAirPrsRng,COMBAIRPRSRNG,Float,1.0,R/W,100.0,,,,,,,,,,Air ,
236,236,DalCv,DALCV,Float,1.0,R/W,100.0,,,,,,,,,,Control Valve ,
237,237,DalDb,DALDB,Float,1.0,R/W,100.0,,,,,,,,,,,
238,238,DalErrAlDb,DALERRALDB,Float,1.0,R/W,100.0,,,,,,,,,,Error ,
239,239,DalErrNegAlLim,DALERRNEGALLIM,Float,1.0,R/W,100.0,,,,,,,,,,Error Limit ,
240,240,DalErrPosAlLim,DALERRPOSALLIM,Float,1.0,R/W,100.0,,,,,,,,,,Error Limit ,
241,241,DalKc,DALKC,Float,1.0,R/W,100.0,,,,,,,,,,,
242,242,DalOut,DALOUT,Float,1.0,R/W,100.0,,,,,,,,,,,
243,243,DalPv,DALPV,Float,1.0,R/W,100.0,,,,,,,,,,,
244,244,DalPvAlDb,DALPVALDB,Float,1.0,R/W,100.0,,,,,,,,,,,
245,245,DalPvHiAlLim,DALPVHIALLIM,Float,1.0,R/W,100.0,,,,,,,,,,Limit ,
246,246,DalPvLoAlLim,DALPVLOALLIM,Float,1.0,R/W,100.0,,,,,,,,,,Limit ,
247,247,DalPvMax,DALPVMAX,Float,1.0,R/W,100.0,,,,,,,,,,,
248,248,DalPvMin,DALPVMIN,Float,1.0,R/W,100.0,,,,,,,,,,,
249,249,DalPvPct,DALPVPCT,Float,1.0,R/W,100.0,,,,,,,,,,,
250,250,DalPvRng,DALPVRNG,Float,1.0,R/W,100.0,,,,,,,,,,,
251,251,DalPvSpDev,DALPVSPDEV,Float,1.0,R/W,100.0,,,,,,,,,,,
252,252,DalSp,DALSP,Float,1.0,R/W,100.0,,,,,,,,,,,
253,253,DalSpare2,DALSPARE2,Float,1.0,R/W,100.0,,,,,,,,,,,
254,254,DalSpare3,DALSPARE3,Float,1.0,R/W,100.0,,,,,,,,,,,
255,255,DalSpare4,DALSPARE4,Float,1.0,R/W,100.0,,,,,,,,,,,
256,256,DalSpare5,DALSPARE5,Float,1.0,R/W,100.0,,,,,,,,,,,
257,257,DalSpareParm1,DALSPAREPARM1,Float,1.0,R/W,100.0,,,,,,,,,,,
258,258,DalSpareParm2,DALSPAREPARM2,Float,1.0,R/W,100.0,,,,,,,,,,,
259,259,DalSpHiLim,DALSPHILIM,Float,1.0,R/W,100.0,,,,,,,,,,Limit ,
260,260,DalSpLoLim,DALSPLOLIM,Float,1.0,R/W,100.0,,,,,,,,,,Limit ,
261,261,DalSpPct,DALSPPCT,Float,1.0,R/W,100.0,,,,,,,,,,,
262,262,DalTd,DALTD,Float,1.0,R/W,100.0,,,,,,,,,,,
263,263,DalTi,DALTI,Float,1.0,R/W,100.0,,,,,,,,,,,
264,264,DaLvl,DALVL,Float,1.0,R/W,100.0,,,,,,,,,,,
265,265,DaLvlMax,DALVLMAX,Float,1.0,R/W,100.0,,,,,,,,,,,
266,266,DaLvlMin,DALVLMIN,Float,1.0,R/W,100.0,,,,,,,,,,,
267,267,DaLvlPct,DALVLPCT,Float,1.0,R/W,100.0,,,,,,,,,,,
268,268,DaLvlRng,DALVLRNG,Float,1.0,R/W,100.0,,,,,,,,,,,
269,269,DapCv,DAPCV,Float,1.0,R/W,100.0,,,,,,,,,,Control Valve ,
270,270,DapDb,DAPDB,Float,1.0,R/W,100.0,,,,,,,,,,,
271,271,DapErrAlDb,DAPERRALDB,Float,1.0,R/W,100.0,,,,,,,,,,Error ,
272,272,DapErrNegAlLim,DAPERRNEGALLIM,Float,1.0,R/W,100.0,,,,,,,,,,Error Limit ,
273,273,DapErrPosAlLim,DAPERRPOSALLIM,Float,1.0,R/W,100.0,,,,,,,,,,Error Limit ,
274,274,DapKc,DAPKC,Float,1.0,R/W,100.0,,,,,,,,,,,
275,275,DapOut,DAPOUT,Float,1.0,R/W,100.0,,,,,,,,,,,
276,276,DapPv,DAPPV,Float,1.0,R/W,100.0,,,,,,,,,,,
277,277,DapPvAlDb,DAPPVALDB,Float,1.0,R/W,100.0,,,,,,,,,,,
278,278,DapPvHiAlLim,DAPPVHIALLIM,Float,1.0,R/W,100.0,,,,,,,,,,Limit ,
279,279,DapPvLoAlLim,DAPPVLOALLIM,Float,1.0,R/W,100.0,,,,,,,,,,Limit ,
280,280,DapPvMax,DAPPVMAX,Float,1.0,R/W,100.0,,,,,,,,,,,
281,281,DapPvMin,DAPPVMIN,Float,1.0,R/W,100.0,,,,,,,,,,,
282,282,DapPvPct,DAPPVPCT,Float,1.0,R/W,100.0,,,,,,,,,,,
283,283,DapPvRng,DAPPVRNG,Float,1.0,R/W,100.0,,,,,,,,,,,
284,284,DapPvSpDev,DAPPVSPDEV,Float,1.0,R/W,100.0,,,,,,,,,,,
285,285,DaPrs,DAPRS,Float,1.0,R/W,100.0,,,,,,,,,,,
286,286,DaPrsMax,DAPRSMAX,Float,1.0,R/W,100.0,,,,,,,,,,,
287,287,DaPrsMin,DAPRSMIN,Float,1.0,R/W,100.0,,,,,,,,,,,
288,288,DaPrsPct,DAPRSPCT,Float,1.0,R/W,100.0,,,,,,,,,,,
289,289,DaPrsRng,DAPRSRNG,Float,1.0,R/W,100.0,,,,,,,,,,,
290,290,DapSp,DAPSP,Float,1.0,R/W,100.0,,,,,,,,,,,
291,291,DapSpare2,DAPSPARE2,Float,1.0,R/W,100.0,,,,,,,,,,,
292,292,DapSpare3,DAPSPARE3,Float,1.0,R/W,100.0,,,,,,,,,,,
293,293,DapSpare4,DAPSPARE4,Float,1.0,R/W,100.0,,,,,,,,,,,
294,294,DapSpare5,DAPSPARE5,Float,1.0,R/W,100.0,,,,,,,,,,,
295,295,DapSpareParm1,DAPSPAREPARM1,Float,1.0,R/W,100.0,,,,,,,,,,,
296,296,DapSpareParm2,DAPSPAREPARM2,Float,1.0,R/W,100.0,,,,,,,,,,,
297,297,DapSpHiLim,DAPSPHILIM,Float,1.0,R/W,100.0,,,,,,,,,,Limit ,
298,298,DapSpLoLim,DAPSPLOLIM,Float,1.0,R/W,100.0,,,,,,,,,,Limit ,
299,299,DapSpPct,DAPSPPCT,Float,1.0,R/W,100.0,,,,,,,,,,,
300,300,DapTd,DAPTD,Float,1.0,R/W,100.0,,,,,,,,,,,
301,301,DapTi,DAPTI,Float,1.0,R/W,100.0,,,,,,,,,,,
302,302,DaStmPcvPos,DASTMPCVPOS,Float,1.0,R/W,100.0,,,,,,,,,,Control Valve ,
303,303,DaStmPCVPosDev,DASTMPCVPOSDEV,Float,1.0,R/W,100.0,,,,,,,,,,Control Valve ,
304,304,DaWtrLcv2Pos,DAWTRLCV2POS,Float,1.0,R/W,100.0,,,,,,,,,,Control Valve ,
305,305,DaWtrLcv2PosDev,DAWTRLCV2POSDEV,Float,1.0,R/W,100.0,,,,,,,,,,Control Valve ,
306,306,DaWtrLcvPos,DAWTRLCVPOS,Float,1.0,R/W,100.0,,,,,,,,,,Control Valve ,
307,307,DaWtrLCVPosDev,DAWTRLCVPOSDEV,Float,1.0,R/W,100.0,,,,,,,,,,Control Valve ,
308,308,DaWtrLcvPosFb,DAWTRLCVPOSFB,Float,1.0,R/W,100.0,,,,,,,,,,Control Valve ,
309,309,DaWtrLcvPosFbMax,DAWTRLCVPOSFBMAX,Float,1.0,R/W,100.0,,,,,,,,,,Control Valve ,
310,310,DaWtrLcvPosFbMin,DAWTRLCVPOSFBMIN,Float,1.0,R/W,100.0,,,,,,,,,,Control Valve ,
311,311,DaWtrLcvPosFbPct,DAWTRLCVPOSFBPCT,Float,1.0,R/W,100.0,,,,,,,,,,Control Valve ,
312,312,DaWtrLcvPosFbRng,DAWTRLCVPOSFBRNG,Float,1.0,R/W,100.0,,,,,,,,,,Control Valve ,
313,313,DmdLoLimFarDevEn,DMDLOLIMFARDEVEN,Float,1.0,R/W,100.0,,,,,,,,,,Limit ,
314,314,Drm1Cv,DRM1CV,Float,1.0,R/W,100.0,,,,,,,,,,Control Valve ,
315,315,Drm1Db,DRM1DB,Float,1.0,R/W,100.0,,,,,,,,,,,
316,316,Drm1Kc,DRM1KC,Float,1.0,R/W,100.0,,,,,,,,,,,
317,317,Drm1Spare1,DRM1SPARE1,Float,1.0,R/W,100.0,,,,,,,,,,,
318,318,Drm1Spare2,DRM1SPARE2,Float,1.0,R/W,100.0,,,,,,,,,,,
319,319,Drm1Spare3,DRM1SPARE3,Float,1.0,R/W,100.0,,,,,,,,,,,
320,320,Drm1SpareParm1,DRM1SPAREPARM1,Float,1.0,R/W,100.0,,,,,,,,,,,
321,321,Drm1Td,DRM1TD,Float,1.0,R/W,100.0,,,,,,,,,,,
322,322,Drm1Ti,DRM1TI,Float,1.0,R/W,100.0,,,,,,,,,,,
323,323,DrmCv,DRMCV,Float,1.0,R/W,100.0,,,,,,,,,,Control Valve ,
324,324,DrmCVEu,DRMCVEU,Float,1.0,R/W,100.0,,,,,,,,,,Control Valve ,
325,325,DrmCvHiLimEu,DRMCVHILIMEU,Float,1.0,R/W,100.0,,,,,,,,,,Control Valve Limit ,
326,326,DrmCvLoLimEu,DRMCVLOLIMEU,Float,1.0,R/W,100.0,,,,,,,,,,Control Valve Limit ,
327,327,DrmDb,DRMDB,Float,1.0,R/W,100.0,,,,,,,,,,,
328,328,DrmErrAlDb,DRMERRALDB,Float,1.0,R/W,100.0,,,,,,,,,,Error ,
329,329,DrmErrNegAlLim,DRMERRNEGALLIM,Float,1.0,R/W,100.0,,,,,,,,,,Error Limit ,
330,330,DrmErrPosAlLim,DRMERRPOSALLIM,Float,1.0,R/W,100.0,,,,,,,,,,Error Limit ,
331,331,DrmKc,DRMKC,Float,1.0,R/W,100.0,,,,,,,,,,,
332,332,DrmLvl1Dev,DRMLVL1DEV,Float,1.0,R/W,100.0,,,,,,,,,,,
333,333,DrmLvl2Dev,DRMLVL2DEV,Float,1.0,R/W,100.0,,,,,,,,,,,
334,334,DrmLvl3Dev,DRMLVL3DEV,Float,1.0,R/W,100.0,,,,,,,,,,,
335,335,DrmLvlA,DRMLVLA,Float,1.0,R/W,100.0,,,,,,,,,,,
336,336,DrmLvlAMax,DRMLVLAMAX,Float,1.0,R/W,100.0,,,,,,,,,,,
337,337,DrmLvlAMin,DRMLVLAMIN,Float,1.0,R/W,100.0,,,,,,,,,,,
338,338,DrmLvlAPct,DRMLVLAPCT,Float,1.0,R/W,100.0,,,,,,,,,,,
339,339,DrmLvlARng,DRMLVLARNG,Float,1.0,R/W,100.0,,,,,,,,,,,
340,340,DrmLvlB,DRMLVLB,Float,1.0,R/W,100.0,,,,,,,,,,,
341,341,DrmLvlBMax,DRMLVLBMAX,Float,1.0,R/W,100.0,,,,,,,,,,,
342,342,DrmLvlBMin,DRMLVLBMIN,Float,1.0,R/W,100.0,,,,,,,,,,,
343,343,DrmLvlBPct,DRMLVLBPCT,Float,1.0,R/W,100.0,,,,,,,,,,,
344,344,DrmLvlBRng,DRMLVLBRNG,Float,1.0,R/W,100.0,,,,,,,,,,,
345,345,DrmLvlComp1,DRMLVLCOMP1,Float,1.0,R/W,100.0,,,,,,,,,,,
346,346,DrmLvlComp2,DRMLVLCOMP2,Float,1.0,R/W,100.0,,,,,,,,,,,
347,347,DrmLvlComp3,DRMLVLCOMP3,Float,1.0,R/W,100.0,,,,,,,,,,,
348,348,DrmLvlDevEuLim,DRMLVLDEVEULIM,Float,1.0,R/W,100.0,,,,,,,,,,Limit ,
349,349,DrmLvlDevLim,DRMLVLDEVLIM,Float,1.0,R/W,100.0,,,,,,,,,,Limit ,
350,350,DrmLvlDp1,DRMLVLDP1,Float,1.0,R/W,100.0,,,,,,,,,,,
351,351,DrmLvlDp1Max,DRMLVLDP1MAX,Float,1.0,R/W,100.0,,,,,,,,,,,
352,352,DrmLvlDp1Min,DRMLVLDP1MIN,Float,1.0,R/W,100.0,,,,,,,,,,,
353,353,DrmLvlDp1Pct,DRMLVLDP1PCT,Float,1.0,R/W,100.0,,,,,,,,,,,
354,354,DrmLvlDp1Rng,DRMLVLDP1RNG,Float,1.0,R/W,100.0,,,,,,,,,,,
355,355,DrmLvlDp2,DRMLVLDP2,Float,1.0,R/W,100.0,,,,,,,,,,,
356,356,DrmLvlDp2Max,DRMLVLDP2MAX,Float,1.0,R/W,100.0,,,,,,,,,,,
357,357,DrmLvlDp2Min,DRMLVLDP2MIN,Float,1.0,R/W,100.0,,,,,,,,,,,
358,358,DrmLvlDp2Pct,DRMLVLDP2PCT,Float,1.0,R/W,100.0,,,,,,,,,,,
359,359,DrmLvlDp2Rng,DRMLVLDP2RNG,Float,1.0,R/W,100.0,,,,,,,,,,,
360,360,DrmLvlDp3,DRMLVLDP3,Float,1.0,R/W,100.0,,,,,,,,,,,
361,361,DrmLvlDp3Max,DRMLVLDP3MAX,Float,1.0,R/W,100.0,,,,,,,,,,,
362,362,DrmLvlDp3Min,DRMLVLDP3MIN,Float,1.0,R/W,100.0,,,,,,,,,,,
363,363,DrmLvlDp3Pct,DRMLVLDP3PCT,Float,1.0,R/W,100.0,,,,,,,,,,,
364,364,DrmLvlDp3Rng,DRMLVLDP3RNG,Float,1.0,R/W,100.0,,,,,,,,,,,
365,365,DrmLvlEuAvg,DRMLVLEUAVG,Float,1.0,R/W,100.0,,,,,,,,,,,
366,366,DrmLvlEuDev,DRMLVLEUDEV,Float,1.0,R/W,100.0,,,,,,,,,,,
367,367,DrmLvlFdwAutoStartLim,DRMLVLFDWAUTOSTARTLIM,Float,1.0,R/W,100.0,,,,,,,,,,Limit ,
368,368,DrmLvlHiTap,DRMLVLHITAP,Float,1.0,R/W,100.0,,,,,,,,,,,
369,369,DrmLvlLoTap,DRMLVLLOTAP,Float,1.0,R/W,100.0,,,,,,,,,,,
370,370,DrmLvlPctAvg,DRMLVLPCTAVG,Float,1.0,R/W,100.0,,,,,,,,,,,
371,371,DrmMinStm3El,DRMMINSTM3EL,Float,1.0,R/W,100.0,,,,,,,,,,,
372,372,DrmOut,DRMOUT,Float,1.0,R/W,100.0,,,,,,,,,,,
373,373,DrmPv,DRMPV,Float,1.0,R/W,100.0,,,,,,,,,,,
374,374,DrmPvAlDb,DRMPVALDB,Float,1.0,R/W,100.0,,,,,,,,,,,
375,375,DrmPvHiAlLim,DRMPVHIALLIM,Float,1.0,R/W,100.0,,,,,,,,,,Limit ,
376,376,DrmPvLoAlLim,DRMPVLOALLIM,Float,1.0,R/W,100.0,,,,,,,,,,Limit ,
377,377,DrmPvMax,DRMPVMAX,Float,1.0,R/W,100.0,,,,,,,,,,,
378,378,DrmPvMin,DRMPVMIN,Float,1.0,R/W,100.0,,,,,,,,,,,
379,379,DrmPvPct,DRMPVPCT,Float,1.0,R/W,100.0,,,,,,,,,,,
380,380,DrmPvRng,DRMPVRNG,Float,1.0,R/W,100.0,,,,,,,,,,,
381,381,DrmPvSpDev,DRMPVSPDEV,Float,1.0,R/W,100.0,,,,,,,,,,,
382,382,DrmSp,DRMSP,Float,1.0,R/W,100.0,,,,,,,,,,,
383,383,DrmSpareParm3,DRMSPAREPARM3,Float,1.0,R/W,100.0,,,,,,,,,,,
384,384,DrmSpHiLim,DRMSPHILIM,Float,1.0,R/W,100.0,,,,,,,,,,Limit ,
385,385,DrmSpLoLim,DRMSPLOLIM,Float,1.0,R/W,100.0,,,,,,,,,,Limit ,
386,386,DrmSpPct,DRMSPPCT,Float,1.0,R/W,100.0,,,,,,,,,,,
387,387,DrmStmFlwFf,DRMSTMFLWFF,Float,1.0,R/W,100.0,,,,,,,,,,,
388,388,DrmStmFlwFfGain,DRMSTMFLWFFGAIN,Float,1.0,R/W,100.0,,,,,,,,,,,
389,389,DrmTd,DRMTD,Float,1.0,R/W,100.0,,,,,,,,,,,
390,390,DrmTi,DRMTI,Float,1.0,R/W,100.0,,,,,,,,,,,
391,391,DrmWtrTmpAmb,DRMWTRTMPAMB,Float,1.0,R/W,100.0,,,,,,,,,,,
392,392,FarActual,FARACTUAL,Float,1.0,R/W,100.0,,,,,,,,,,,
393,393,FarCv,FARCV,Float,1.0,R/W,100.0,,,,,,,,,,Control Valve ,
394,394,FarDb,FARDB,Float,1.0,R/W,100.0,,,,,,,,,,,
395,395,FarDesired,FARDESIRED,Float,1.0,R/W,100.0,,,,,,,,,,,
396,396,FarDev,FARDEV,Float,1.0,R/W,100.0,,,,,,,,,,,
397,397,FarDevHiHiLim,FARDEVHIHILIM,Float,1.0,R/W,100.0,,,,,,,,,,Limit ,
398,398,FarDevHiLim,FARDEVHILIM,Float,1.0,R/W,100.0,,,,,,,,,,Limit ,
399,399,FarDevLoLim,FARDEVLOLIM,Float,1.0,R/W,100.0,,,,,,,,,,Limit ,
400,400,FarDevLoLoLim,FARDEVLOLOLIM,Float,1.0,R/W,100.0,,,,,,,,,,Limit ,
401,401,FarErrAlDb,FARERRALDB,Float,1.0,R/W,100.0,,,,,,,,,,Error ,
402,402,FarErrNegAlLim,FARERRNEGALLIM,Float,1.0,R/W,100.0,,,,,,,,,,Error Limit ,
403,403,FarErrPosAlLim,FARERRPOSALLIM,Float,1.0,R/W,100.0,,,,,,,,,,Error Limit ,
404,404,FarKc,FARKC,Float,1.0,R/W,100.0,,,,,,,,,,,
405,405,FarOut,FAROUT,Float,1.0,R/W,100.0,,,,,,,,,,,
406,406,FarPv,FARPV,Float,1.0,R/W,100.0,,,,,,,,,,,
407,407,FarPvAlDb,FARPVALDB,Float,1.0,R/W,100.0,,,,,,,,,,,
408,408,FarPvHiAlLim,FARPVHIALLIM,Float,1.0,R/W,100.0,,,,,,,,,,Limit ,
409,409,FarPvLoAlLim,FARPVLOALLIM,Float,1.0,R/W,100.0,,,,,,,,,,Limit ,
410,410,FarPvMax,FARPVMAX,Float,1.0,R/W,100.0,,,,,,,,,,,
411,411,FarPvMin,FARPVMIN,Float,1.0,R/W,100.0,,,,,,,,,,,
412,412,FarPvPct,FARPVPCT,Float,1.0,R/W,100.0,,,,,,,,,,,
413,413,FarPvRng,FARPVRNG,Float,1.0,R/W,100.0,,,,,,,,,,,
414,414,FarPvSpDev,FARPVSPDEV,Float,1.0,R/W,100.0,,,,,,,,,,,
415,415,FarSp,FARSP,Float,1.0,R/W,100.0,,,,,,,,,,,
416,416,FarSpareParm1,FARSPAREPARM1,Float,1.0,R/W,100.0,,,,,,,,,,,
417,417,FarSpareParm2,FARSPAREPARM2,Float,1.0,R/W,100.0,,,,,,,,,,,
418,418,FarSpHiLim,FARSPHILIM,Float,1.0,R/W,100.0,,,,,,,,,,Limit ,
419,419,FarSpLoLim,FARSPLOLIM,Float,1.0,R/W,100.0,,,,,,,,,,Limit ,
420,420,FarSpPct,FARSPPCT,Float,1.0,R/W,100.0,,,,,,,,,,,
421,421,FarTd,FARTD,Float,1.0,R/W,100.0,,,,,,,,,,,
422,422,FarTi,FARTI,Float,1.0,R/W,100.0,,,,,,,,,,,
423,423,FarTrimFactor,FARTRIMFACTOR,Float,1.0,R/W,100.0,,,,,,,,,,,
424,424,FddPos,FDDPOS,Float,1.0,R/W,100.0,,,,,,,,,,,
425,425,FddPosDev,FDDPOSDEV,Float,1.0,R/W,100.0,,,,,,,,,,,
426,426,FddPosFb,FDDPOSFB,Float,1.0,R/W,100.0,,,,,,,,,,,
427,427,FddPosFbMax,FDDPOSFBMAX,Float,1.0,R/W,100.0,,,,,,,,,,,
428,428,FddPosFbMin,FDDPOSFBMIN,Float,1.0,R/W,100.0,,,,,,,,,,,
429,429,FddPosFbPct,FDDPOSFBPCT,Float,1.0,R/W,100.0,,,,,,,,,,,
430,430,FddPosFbRng,FDDPOSFBRNG,Float,1.0,R/W,100.0,,,,,,,,,,,
431,431,FdfSpd,FDFSPD,Float,1.0,R/W,100.0,,,,,,,,,,,
432,432,FdfSpdDev,FDFSPDDEV,Float,1.0,R/W,100.0,,,,,,,,,,,
433,433,FdfSpdFb,FDFSPDFB,Float,1.0,R/W,100.0,,,,,,,,,,,
434,434,FdfSpdFbMax,FDFSPDFBMAX,Float,1.0,R/W,100.0,,,,,,,,,,,
435,435,FdfSpdFbMin,FDFSPDFBMIN,Float,1.0,R/W,100.0,,,,,,,,,,,
436,436,FdfSpdFbPct,FDFSPDFBPCT,Float,1.0,R/W,100.0,,,,,,,,,,,
437,437,FdfSpdFbRng,FDFSPDFBRNG,Float,1.0,R/W,100.0,,,,,,,,,,,
438,438,FdfTmpA,FDFTMPA,Float,1.0,R/W,100.0,,,,,,,,,,,
439,439,FdfTmpAMax,FDFTMPAMAX,Float,1.0,R/W,100.0,,,,,,,,,,,
440,440,FdfTmpAMin,FDFTMPAMIN,Float,1.0,R/W,100.0,,,,,,,,,,,
441,441,FdfTmpAPct,FDFTMPAPCT,Float,1.0,R/W,100.0,,,,,,,,,,,
442,442,FdfTmpARng,FDFTMPARNG,Float,1.0,R/W,100.0,,,,,,,,,,,
443,443,FdfTmpB,FDFTMPB,Float,1.0,R/W,100.0,,,,,,,,,,,
444,444,FdfTmpBMax,FDFTMPBMAX,Float,1.0,R/W,100.0,,,,,,,,,,,
445,445,FdfTmpBMin,FDFTMPBMIN,Float,1.0,R/W,100.0,,,,,,,,,,,
446,446,FdfTmpBPct,FDFTMPBPCT,Float,1.0,R/W,100.0,,,,,,,,,,,
447,447,FdfTmpBRng,FDFTMPBRNG,Float,1.0,R/W,100.0,,,,,,,,,,,
448,448,FdfVibA,FDFVIBA,Float,1.0,R/W,100.0,,,,,,,,,,,
449,449,FdfVibAMax,FDFVIBAMAX,Float,1.0,R/W,100.0,,,,,,,,,,,
450,450,FdfVibAMin,FDFVIBAMIN,Float,1.0,R/W,100.0,,,,,,,,,,,
451,451,FdfVibAPct,FDFVIBAPCT,Float,1.0,R/W,100.0,,,,,,,,,,,
452,452,FdfVibARng,FDFVIBARNG,Float,1.0,R/W,100.0,,,,,,,,,,,
453,453,FdfVibB,FDFVIBB,Float,1.0,R/W,100.0,,,,,,,,,,,
454,454,FdfVibBMax,FDFVIBBMAX,Float,1.0,R/W,100.0,,,,,,,,,,,
455,455,FdfVibBMin,FDFVIBBMIN,Float,1.0,R/W,100.0,,,,,,,,,,,
456,456,FdfVibBPct,FDFVIBBPCT,Float,1.0,R/W,100.0,,,,,,,,,,,
457,457,FdfVibBRng,FDFVIBBRNG,Float,1.0,R/W,100.0,,,,,,,,,,,
458,458,Fdw1Spd,FDW1SPD,Float,1.0,R/W,100.0,,,,,,,,,,,
459,459,Fdw1SpdDev,FDW1SPDDEV,Float,1.0,R/W,100.0,,,,,,,,,,,
460,460,Fdw1SpdFb,FDW1SPDFB,Float,1.0,R/W,100.0,,,,,,,,,,,
461,461,Fdw1SpdFbMax,FDW1SPDFBMAX,Float,1.0,R/W,100.0,,,,,,,,,,,
462,462,Fdw1SpdFbMin,FDW1SPDFBMIN,Float,1.0,R/W,100.0,,,,,,,,,,,
463,463,Fdw1SpdFbPct,FDW1SPDFBPCT,Float,1.0,R/W,100.0,,,,,,,,,,,
464,464,Fdw1SpdFbRng,FDW1SPDFBRNG,Float,1.0,R/W,100.0,,,,,,,,,,,
465,465,Fdw1TmpA,,,,,,,,,,,,,,,,
466,466,Fdw1TmpAMax,,,,,,,,,,,,,,,,
467,467,Fdw1TmpAMin,,,,,,,,,,,,,,,,
468,468,Fdw1TmpAPct,,,,,,,,,,,,,,,,
469,469,Fdw1TmpARng,,,,,,,,,,,,,,,,
470,470,Fdw1TmpB,,,,,,,,,,,,,,,,
471,471,Fdw1TmpBMax,,,,,,,,,,,,,,,,
472,472,Fdw1TmpBMin,,,,,,,,,,,,,,,,
473,473,Fdw1TmpBPct,,,,,,,,,,,,,,,,
474,474,Fdw1TmpBRng,,,,,,,,,,,,,,,,
475,475,Fdw1VibA,,,,,,,,,,,,,,,,
476,476,Fdw1VibAMax,,,,,,,,,,,,,,,,
477,477,Fdw1VibAMin,,,,,,,,,,,,,,,,
478,478,Fdw1VibAPct,,,,,,,,,,,,,,,,
479,479,Fdw1VibARng,,,,,,,,,,,,,,,,
480,480,Fdw1VibB,,,,,,,,,,,,,,,,
481,481,Fdw1VibBMax,,,,,,,,,,,,,,,,
482,482,Fdw1VibBMin,,,,,,,,,,,,,,,,
483,483,Fdw1VibBPct,,,,,,,,,,,,,,,,
484,484,Fdw1VibBRng,,,,,,,,,,,,,,,,
485,485,Fdw2Spd,FDW2SPD,Float,1.0,R/W,100.0,,,,,,,,,,,
486,486,Fdw2SpdDev,FDW2SPDDEV,Float,1.0,R/W,100.0,,,,,,,,,,,
487,487,Fdw2SpdFb,FDW2SPDFB,Float,1.0,R/W,100.0,,,,,,,,,,,
488,488,Fdw2SpdFbMax,FDW2SPDFBMAX,Float,1.0,R/W,100.0,,,,,,,,,,,
489,489,Fdw2SpdFbMin,FDW2SPDFBMIN,Float,1.0,R/W,100.0,,,,,,,,,,,
490,490,Fdw2SpdFbPct,FDW2SPDFBPCT,Float,1.0,R/W,100.0,,,,,,,,,,,
491,491,Fdw2SpdFbRng,FDW2SPDFBRNG,Float,1.0,R/W,100.0,,,,,,,,,,,
492,492,Fdw2TmpA,FDW2TMPA,Float,1.0,R/W,100.0,,,,,,,,,,,
493,493,Fdw2TmpAMax,FDW2TMPAMAX,Float,1.0,R/W,100.0,,,,,,,,,,,
494,494,Fdw2TmpAMin,FDW2TMPAMIN,Float,1.0,R/W,100.0,,,,,,,,,,,
495,495,Fdw2TmpAPct,FDW2TMPAPCT,Float,1.0,R/W,100.0,,,,,,,,,,,
496,496,Fdw2TmpARng,FDW2TMPARNG,Float,1.0,R/W,100.0,,,,,,,,,,,
497,497,Fdw2TmpB,FDW2TMPB,Float,1.0,R/W,100.0,,,,,,,,,,,
498,498,Fdw2TmpBMax,FDW2TMPBMAX,Float,1.0,R/W,100.0,,,,,,,,,,,
499,499,Fdw2TmpBMin,FDW2TMPBMIN,Float,1.0,R/W,100.0,,,,,,,,,,,
500,500,Fdw2TmpBPct,FDW2TMPBPCT,Float,1.0,R/W,100.0,,,,,,,,,,,
501,501,Fdw2TmpBRng,FDW2TMPBRNG,Float,1.0,R/W,100.0,,,,,,,,,,,
502,502,Fdw2VibA,,,,,,,,,,,,,,,,
503,503,Fdw2VibAMax,,,,,,,,,,,,,,,,
504,504,Fdw2VibAMin,,,,,,,,,,,,,,,,
505,505,Fdw2VibAPct,,,,,,,,,,,,,,,,
506,506,Fdw2VibARng,,,,,,,,,,,,,,,,
507,507,Fdw2VibB,FDW2VIBB,Float,1.0,R/W,100.0,,,,,,,,,,,
508,508,Fdw2VibBMax,FDW2VIBBMAX,Float,1.0,R/W,100.0,,,,,,,,,,,
509,509,Fdw2VibBMin,FDW2VIBBMIN,Float,1.0,R/W,100.0,,,,,,,,,,,
510,510,Fdw2VibBPct,FDW2VIBBPCT,Float,1.0,R/W,100.0,,,,,,,,,,,
511,511,Fdw2VibBRng,FDW2VIBBRNG,Float,1.0,R/W,100.0,,,,,,,,,,,
512,512,FdwCv,FDWCV,Float,1.0,R/W,100.0,,,,,,,,,,Control Valve ,
513,513,FdwDb,FDWDB,Float,1.0,R/W,100.0,,,,,,,,,,,
514,514,FdwErrAlDb,FDWERRALDB,Float,1.0,R/W,100.0,,,,,,,,,,Error ,
515,515,FdwErrNegAlLim,FDWERRNEGALLIM,Float,1.0,R/W,100.0,,,,,,,,,,Error Limit ,
516,516,FdwErrPosAlLim,FDWERRPOSALLIM,Float,1.0,R/W,100.0,,,,,,,,,,Error Limit ,
517,517,FdwFcvPos,FDWFCVPOS,Float,1.0,R/W,100.0,,,,,,,,,,Control Valve ,
518,518,FdwFcvPosDev,FDWFCVPOSDEV,Float,1.0,R/W,100.0,,,,,,,,,,Control Valve ,
519,519,FdwFcvPosFb,FDWFCVPOSFB,Float,1.0,R/W,100.0,,,,,,,,,,Control Valve ,
520,520,FdwFcvPosFbMax,FDWFCVPOSFBMAX,Float,1.0,R/W,100.0,,,,,,,,,,Control Valve ,
521,521,FdwFcvPosFbMin,FDWFCVPOSFBMIN,Float,1.0,R/W,100.0,,,,,,,,,,Control Valve ,
522,522,FdwFcvPosFbPct,FDWFCVPOSFBPCT,Float,1.0,R/W,100.0,,,,,,,,,,Control Valve ,
523,523,FdwFcvPosFbRng,FDWFCVPOSFBRNG,Float,1.0,R/W,100.0,,,,,,,,,,Control Valve ,
524,524,FdwFlw,FDWFLW,Float,1.0,R/W,100.0,,,,,,,,,,,
525,525,FdwFlwMax,FDWFLWMAX,Float,1.0,R/W,100.0,,,,,,,,,,,
526,526,FdwFlwMin,FDWFLWMIN,Float,1.0,R/W,100.0,,,,,,,,,,,
527,527,FdwFlwPct,FDWFLWPCT,Float,1.0,R/W,100.0,,,,,,,,,,,
528,528,FdwFlwRng,FDWFLWRNG,Float,1.0,R/W,100.0,,,,,,,,,,,
529,529,FdwFlwTtl,FDWFLWTTL,Float,1.0,R/W,100.0,,,,,,,,,,,
530,530,FdwKc,FDWKC,Float,1.0,R/W,100.0,,,,,,,,,,,
531,531,FdwPrs,FDWPRS,Float,1.0,R/W,100.0,,,,,,,,,,,
532,532,FdwPrsEconIn,FDWPRSECONIN,Float,1.0,R/W,100.0,,,,,,,,,,,
533,533,FdwPrsEconInMax,FDWPRSECONINMAX,Float,1.0,R/W,100.0,,,,,,,,,,,
534,534,FdwPrsEconInMin,FDWPRSECONINMIN,Float,1.0,R/W,100.0,,,,,,,,,,,
535,535,FdwPrsEconInPct,FDWPRSECONINPCT,Float,1.0,R/W,100.0,,,,,,,,,,,
536,536,FdwPrsEconInRng,FDWPRSECONINRNG,Float,1.0,R/W,100.0,,,,,,,,,,,
537,537,FdwPrsMax,FDWPRSMAX,Float,1.0,R/W,100.0,,,,,,,,,,,
538,538,FdwPrsMin,FDWPRSMIN,Float,1.0,R/W,100.0,,,,,,,,,,,
539,539,FdwPrsPct,FDWPRSPCT,Float,1.0,R/W,100.0,,,,,,,,,,,
540,540,FdwPrsRecirc,FDWPRSRECIRC,Float,1.0,R/W,100.0,,,,,,,,,,,
541,541,FdwPrsRecircMax,FDWPRSRECIRCMAX,Float,1.0,R/W,100.0,,,,,,,,,,,
542,542,FdwPrsRecircMin,FDWPRSRECIRCMIN,Float,1.0,R/W,100.0,,,,,,,,,,,
543,543,FdwPrsRecircPct,FDWPRSRECIRCPCT,Float,1.0,R/W,100.0,,,,,,,,,,,
544,544,FdwPrsRecircRng,FDWPRSRECIRCRNG,Float,1.0,R/W,100.0,,,,,,,,,,,
545,545,FdwPrsRng,FDWPRSRNG,Float,1.0,R/W,100.0,,,,,,,,,,,
546,546,FdwPv,FDWPV,Float,1.0,R/W,100.0,,,,,,,,,,,
547,547,FdwPvAlDb,FDWPVALDB,Float,1.0,R/W,100.0,,,,,,,,,,,
548,548,FdwPvHiAlLim,FDWPVHIALLIM,Float,1.0,R/W,100.0,,,,,,,,,,Limit ,
549,549,FdwPvLoAlLim,FDWPVLOALLIM,Float,1.0,R/W,100.0,,,,,,,,,,Limit ,
550,550,FdwPvMax,FDWPVMAX,Float,1.0,R/W,100.0,,,,,,,,,,,
551,551,FdwPvMin,FDWPVMIN,Float,1.0,R/W,100.0,,,,,,,,,,,
552,552,FdwPvPct,FDWPVPCT,Float,1.0,R/W,100.0,,,,,,,,,,,
553,553,FdwPvRng,FDWPVRNG,Float,1.0,R/W,100.0,,,,,,,,,,,
554,554,FdwPvSpDev,FDWPVSPDEV,Float,1.0,R/W,100.0,,,,,,,,,,,
555,555,FdwSp,FDWSP,Float,1.0,R/W,100.0,,,,,,,,,,,
556,556,FdwSpareParm1,FDWSPAREPARM1,Float,1.0,R/W,100.0,,,,,,,,,,,
557,557,FdwSpHiLim,FDWSPHILIM,Float,1.0,R/W,100.0,,,,,,,,,,Limit ,
558,558,FdwSpLoLim,FDWSPLOLIM,Float,1.0,R/W,100.0,,,,,,,,,,Limit ,
559,559,FdwSpPct,FDWSPPCT,Float,1.0,R/W,100.0,,,,,,,,,,,
560,560,FdwTd,FDWTD,Float,1.0,R/W,100.0,,,,,,,,,,,
561,561,FdwTi,FDWTI,Float,1.0,R/W,100.0,,,,,,,,,,,
562,562,FdwTmpEconIn,FDWTMPECONIN,Float,1.0,R/W,100.0,,,,,,,,,,,
563,563,FdwTmpEconInMax,FDWTMPECONINMAX,Float,1.0,R/W,100.0,,,,,,,,,,,
564,564,FdwTmpEconInMin,FDWTMPECONINMIN,Float,1.0,R/W,100.0,,,,,,,,,,,
565,565,FdwTmpEconInPct,FDWTMPECONINPCT,Float,1.0,R/W,100.0,,,,,,,,,,,
566,566,FdwTmpEconInRng,FDWTMPECONINRNG,Float,1.0,R/W,100.0,,,,,,,,,,,
567,567,FdwTmpEconOut,FDWTMPECONOUT,Float,1.0,R/W,100.0,,,,,,,,,,,
568,568,FdwTmpEconOutMax,FDWTMPECONOUTMAX,Float,1.0,R/W,100.0,,,,,,,,,,,
569,569,FdwTmpEconOutMin,FDWTMPECONOUTMIN,Float,1.0,R/W,100.0,,,,,,,,,,,
570,570,FdwTmpEconOutPct,FDWTMPECONOUTPCT,Float,1.0,R/W,100.0,,,,,,,,,,,
571,571,FdwTmpEconOutRng,FDWTMPECONOUTRNG,Float,1.0,R/W,100.0,,,,,,,,,,,
572,572,FgBlrOutTmp,FGBLROUTTMP,Float,1.0,R/W,100.0,,,,,,,,,,,
573,573,FgBlrOutTmpMax,FGBLROUTTMPMAX,Float,1.0,R/W,100.0,,,,,,,,,,,
574,574,FgBlrOutTmpMin,FGBLROUTTMPMIN,Float,1.0,R/W,100.0,,,,,,,,,,,
575,575,FgBlrOutTmpPct,FGBLROUTTMPPCT,Float,1.0,R/W,100.0,,,,,,,,,,,
576,576,FgBlrOutTmpRng,FGBLROUTTMPRNG,Float,1.0,R/W,100.0,,,,,,,,,,,
577,577,FgOx,FGOX,Float,1.0,R/W,100.0,,,,,,,,,,,
578,578,FgOxMax,FGOXMAX,Float,1.0,R/W,100.0,,,,,,,,,,,
579,579,FgOxMin,FGOXMIN,Float,1.0,R/W,100.0,,,,,,,,,,,
580,580,FgOxPct,FGOXPCT,Float,1.0,R/W,100.0,,,,,,,,,,,
581,581,FgOxRng,FGOXRNG,Float,1.0,R/W,100.0,,,,,,,,,,,
582,582,FgrdPos,FGRDPOS,Float,1.0,R/W,100.0,,,,,,,,,,,
583,583,FgrdPosDev,FGRDPOSDEV,Float,1.0,R/W,100.0,,,,,,,,,,,
584,584,FgrdPosGas,FGRDPOSGAS,Float,1.0,R/W,100.0,,,,,,,,,,,
585,585,FgrdPosLtoffGas,FGRDPOSLTOFFGAS,Float,1.0,R/W,100.0,,,,,,,,,,,
586,586,FgrdPosLtoffOil,FGRDPOSLTOFFOIL,Float,1.0,R/W,100.0,,,,,,,,,,,
587,587,FgrdPosOil,FGRDPOSOIL,Float,1.0,R/W,100.0,,,,,,,,,,,
588,588,FgrfSpd,FGRFSPD,Float,1.0,R/W,100.0,,,,,,,,,,,
589,589,FgrfSpdDev,FGRFSPDDEV,Float,1.0,R/W,100.0,,,,,,,,,,,
590,590,FgTmpEconIn,FGTMPECONIN,Float,1.0,R/W,100.0,,,,,,,,,,,
591,591,FgTmpEconInMax,FGTMPECONINMAX,Float,1.0,R/W,100.0,,,,,,,,,,,
592,592,FgTmpEconInMin,FGTMPECONINMIN,Float,1.0,R/W,100.0,,,,,,,,,,,
593,593,FgTmpEconInPct,FGTMPECONINPCT,Float,1.0,R/W,100.0,,,,,,,,,,,
594,594,FgTmpEconInRng,FGTMPECONINRNG,Float,1.0,R/W,100.0,,,,,,,,,,,
595,595,FgTmpEconOut,FGTMPECONOUT,Float,1.0,R/W,100.0,,,,,,,,,,,
596,596,FgTmpEconOutMax,FGTMPECONOUTMAX,Float,1.0,R/W,100.0,,,,,,,,,,,
597,597,FgTmpEconOutMin,FGTMPECONOUTMIN,Float,1.0,R/W,100.0,,,,,,,,,,,
598,598,FgTmpEconOutPct,FGTMPECONOUTPCT,Float,1.0,R/W,100.0,,,,,,,,,,,
599,599,FgTmpEconOutRng,FGTMPECONOUTRNG,Float,1.0,R/W,100.0,,,,,,,,,,,
600,600,FlueGasFlw,FLUEGASFLW,Float,1.0,R/W,100.0,,,,,,,,,,,
601,601,FlueGasFlwMax,FLUEGASFLWMAX,Float,1.0,R/W,100.0,,,,,,,,,,,
602,602,FlueGasFlwMin,FLUEGASFLWMIN,Float,1.0,R/W,100.0,,,,,,,,,,,
603,603,FlueGasFlwPct,FLUEGASFLWPCT,Float,1.0,R/W,100.0,,,,,,,,,,,
604,604,FlueGasFlwRng,FLUEGASFLWRNG,Float,1.0,R/W,100.0,,,,,,,,,,,
605,605,FnlElDevHiHiLim,FNLELDEVHIHILIM,Float,1.0,R/W,100.0,,,,,,,,,,Limit ,
606,606,FnlElDevHiLim,FNLELDEVHILIM,Float,1.0,R/W,100.0,,,,,,,,,,Limit ,
607,607,FnlElDevLoLim,FNLELDEVLOLIM,Float,1.0,R/W,100.0,,,,,,,,,,Limit ,
608,608,FnlElDevLoLoLim,FNLELDEVLOLOLIM,Float,1.0,R/W,100.0,,,,,,,,,,Limit ,
609,609,FrnCv,FRNCV,Float,1.0,R/W,100.0,,,,,,,,,,Control Valve ,
610,610,FrnDb,FRNDB,Float,1.0,R/W,100.0,,,,,,,,,,,
611,611,FrnErrAlDb,FRNERRALDB,Float,1.0,R/W,100.0,,,,,,,,,,Error ,
612,612,FrnErrNegAlLim,FRNERRNEGALLIM,Float,1.0,R/W,100.0,,,,,,,,,,Error Limit ,
613,613,FrnErrPosAlLim,FRNERRPOSALLIM,Float,1.0,R/W,100.0,,,,,,,,,,Error Limit ,
614,614,FrnKc,FRNKC,Float,1.0,R/W,100.0,,,,,,,,,,,
615,615,FrnOut,FRNOUT,Float,1.0,R/W,100.0,,,,,,,,,,,
616,616,FrnOutLtoffGas,FRNOUTLTOFFGAS,Float,1.0,R/W,100.0,,,,,,,,,,,
617,617,FrnOutLtoffOil,FRNOUTLTOFFOIL,Float,1.0,R/W,100.0,,,,,,,,,,,
618,618,FrnOutPurge,FRNOUTPURGE,Float,1.0,R/W,100.0,,,,,,,,,,,
619,619,FrnPrs,FRNPRS,Float,1.0,R/W,100.0,,,,,,,,,,,
620,620,FrnPrsMax,FRNPRSMAX,Float,1.0,R/W,100.0,,,,,,,,,,,
621,621,FrnPrsMin,FRNPRSMIN,Float,1.0,R/W,100.0,,,,,,,,,,,
622,622,FrnPrsPct,FRNPRSPCT,Float,1.0,R/W,100.0,,,,,,,,,,,
623,623,FrnPrsRng,FRNPRSRNG,Float,1.0,R/W,100.0,,,,,,,,,,,
624,624,FrnPv,FRNPV,Float,1.0,R/W,100.0,,,,,,,,,,,
625,625,FrnPvAlDb,FRNPVALDB,Float,1.0,R/W,100.0,,,,,,,,,,,
626,626,FrnPvHiAlLim,FRNPVHIALLIM,Float,1.0,R/W,100.0,,,,,,,,,,Limit ,
627,627,FrnPvLoAlLim,FRNPVLOALLIM,Float,1.0,R/W,100.0,,,,,,,,,,Limit ,
628,628,FrnPvMax,FRNPVMAX,Float,1.0,R/W,100.0,,,,,,,,,,,
629,629,FrnPvMin,FRNPVMIN,Float,1.0,R/W,100.0,,,,,,,,,,,
630,630,FrnPvPct,FRNPVPCT,Float,1.0,R/W,100.0,,,,,,,,,,,
631,631,FrnPvRng,FRNPVRNG,Float,1.0,R/W,100.0,,,,,,,,,,,
632,632,FrnPvSpDev,FRNPVSPDEV,Float,1.0,R/W,100.0,,,,,,,,,,,
633,633,FrnSp,FRNSP,Float,1.0,R/W,100.0,,,,,,,,,,,
634,634,FrnSpGas,FRNSPGAS,Float,1.0,R/W,100.0,,,,,,,,,,,
635,635,FrnSpHiLim,FRNSPHILIM,Float,1.0,R/W,100.0,,,,,,,,,,Limit ,
636,636,FrnSpLoLim,FRNSPLOLIM,Float,1.0,R/W,100.0,,,,,,,,,,Limit ,
637,637,FrnSpOil,FRNSPOIL,Float,1.0,R/W,100.0,,,,,,,,,,,
638,638,FrnSpPct,FRNSPPCT,Float,1.0,R/W,100.0,,,,,,,,,,,
639,639,FrnTd,FRNTD,Float,1.0,R/W,100.0,,,,,,,,,,,
640,640,FrnTi,FRNTI,Float,1.0,R/W,100.0,,,,,,,,,,,
641,641,FrnTrm,FRNTRM,Float,1.0,R/W,100.0,,,,,,,,,,,
642,642,FxedEntry,FXEDENTRY,Float,1.0,R/W,100.0,,,,,,,,,,,
643,643,FxedEntryX00,FXEDENTRYX00,Float,1.0,R/W,100.0,,,,,,,,,,,
644,644,FxedEntryX01,FXEDENTRYX01,Float,1.0,R/W,100.0,,,,,,,,,,,
645,645,FxedEntryX02,FXEDENTRYX02,Float,1.0,R/W,100.0,,,,,,,,,,,
646,646,FxedEntryX03,FXEDENTRYX03,Float,1.0,R/W,100.0,,,,,,,,,,,
647,647,FxedEntryX04,FXEDENTRYX04,Float,1.0,R/W,100.0,,,,,,,,,,,
648,648,FxedEntryX05,FXEDENTRYX05,Float,1.0,R/W,100.0,,,,,,,,,,,
649,649,FxedEntryX06,FXEDENTRYX06,Float,1.0,R/W,100.0,,,,,,,,,,,
650,650,FxedEntryX07,FXEDENTRYX07,Float,1.0,R/W,100.0,,,,,,,,,,,
651,651,FxedEntryX08,FXEDENTRYX08,Float,1.0,R/W,100.0,,,,,,,,,,,
652,652,FxedEntryX09,FXEDENTRYX09,Float,1.0,R/W,100.0,,,,,,,,,,,
653,653,FxedEntryX10,FXEDENTRYX10,Float,1.0,R/W,100.0,,,,,,,,,,,
654,654,FxedEntryX11,FXEDENTRYX11,Float,1.0,R/W,100.0,,,,,,,,,,,
655,655,FxedEntryX12,FXEDENTRYX12,Float,1.0,R/W,100.0,,,,,,,,,,,
656,656,FxedEntryX13,FXEDENTRYX13,Float,1.0,R/W,100.0,,,,,,,,,,,
657,657,FxedEntryX14,FXEDENTRYX14,Float,1.0,R/W,100.0,,,,,,,,,,,
658,658,FxedEntryX15,FXEDENTRYX15,Float,1.0,R/W,100.0,,,,,,,,,,,
659,659,FxedEntryY00,FXEDENTRYY00,Float,1.0,R/W,100.0,,,,,,,,,,,
660,660,FxedEntryY01,FXEDENTRYY01,Float,1.0,R/W,100.0,,,,,,,,,,,
661,661,FxedEntryY02,FXEDENTRYY02,Float,1.0,R/W,100.0,,,,,,,,,,,
662,662,FxedEntryY03,FXEDENTRYY03,Float,1.0,R/W,100.0,,,,,,,,,,,
663,663,FxedEntryY04,FXEDENTRYY04,Float,1.0,R/W,100.0,,,,,,,,,,,
664,664,FxedEntryY05,FXEDENTRYY05,Float,1.0,R/W,100.0,,,,,,,,,,,
665,665,FxedEntryY06,FXEDENTRYY06,Float,1.0,R/W,100.0,,,,,,,,,,,
666,666,FxedEntryY07,FXEDENTRYY07,Float,1.0,R/W,100.0,,,,,,,,,,,
667,667,FxedEntryY08,FXEDENTRYY08,Float,1.0,R/W,100.0,,,,,,,,,,,
668,668,FxedEntryY09,FXEDENTRYY09,Float,1.0,R/W,100.0,,,,,,,,,,,
669,669,FxedEntryY10,FXEDENTRYY10,Float,1.0,R/W,100.0,,,,,,,,,,,
670,670,FxedEntryY11,FXEDENTRYY11,Float,1.0,R/W,100.0,,,,,,,,,,,
671,671,FxedEntryY12,FXEDENTRYY12,Float,1.0,R/W,100.0,,,,,,,,,,,
672,672,FxedEntryY13,FXEDENTRYY13,Float,1.0,R/W,100.0,,,,,,,,,,,
673,673,FxedEntryY14,FXEDENTRYY14,Float,1.0,R/W,100.0,,,,,,,,,,,
674,674,FxedEntryY15,FXEDENTRYY15,Float,1.0,R/W,100.0,,,,,,,,,,,
675,675,FxX00,FXX00,Float,1.0,R/W,100.0,,,,,,,,,,,
676,676,FxX01,FXX01,Float,1.0,R/W,100.0,,,,,,,,,,,
677,677,FxX02,FXX02,Float,1.0,R/W,100.0,,,,,,,,,,,
678,678,FxX03,FXX03,Float,1.0,R/W,100.0,,,,,,,,,,,
679,679,FxX04,FXX04,Float,1.0,R/W,100.0,,,,,,,,,,,
680,680,FxX05,FXX05,Float,1.0,R/W,100.0,,,,,,,,,,,
681,681,FxX06,FXX06,Float,1.0,R/W,100.0,,,,,,,,,,,
682,682,FxX07,FXX07,Float,1.0,R/W,100.0,,,,,,,,,,,
683,683,FxX08,FXX08,Float,1.0,R/W,100.0,,,,,,,,,,,
684,684,FxX09,FXX09,Float,1.0,R/W,100.0,,,,,,,,,,,
685,685,FxX10,FXX10,Float,1.0,R/W,100.0,,,,,,,,,,,
686,686,FxX11,FXX11,Float,1.0,R/W,100.0,,,,,,,,,,,
687,687,FxX12,FXX12,Float,1.0,R/W,100.0,,,,,,,,,,,
688,688,FxX13,FXX13,Float,1.0,R/W,100.0,,,,,,,,,,,
689,689,FxX14,FXX14,Float,1.0,R/W,100.0,,,,,,,,,,,
690,690,FxX15,FXX15,Float,1.0,R/W,100.0,,,,,,,,,,,
691,691,FxY00,FXY00,Float,1.0,R/W,100.0,,,,,,,,,,,
692,692,FxY01,FXY01,Float,1.0,R/W,100.0,,,,,,,,,,,
693,693,FxY02,FXY02,Float,1.0,R/W,100.0,,,,,,,,,,,
694,694,FxY03,FXY03,Float,1.0,R/W,100.0,,,,,,,,,,,
695,695,FxY04,FXY04,Float,1.0,R/W,100.0,,,,,,,,,,,
696,696,FxY05,FXY05,Float,1.0,R/W,100.0,,,,,,,,,,,
697,697,FxY06,FXY06,Float,1.0,R/W,100.0,,,,,,,,,,,
698,698,FxY07,FXY07,Float,1.0,R/W,100.0,,,,,,,,,,,
699,699,FxY08,FXY08,Float,1.0,R/W,100.0,,,,,,,,,,,
700,700,FxY09,FXY09,Float,1.0,R/W,100.0,,,,,,,,,,,
701,701,FxY10,FXY10,Float,1.0,R/W,100.0,,,,,,,,,,,
702,702,FxY11,FXY11,Float,1.0,R/W,100.0,,,,,,,,,,,
703,703,FxY12,FXY12,Float,1.0,R/W,100.0,,,,,,,,,,,
704,704,FxY13,FXY13,Float,1.0,R/W,100.0,,,,,,,,,,,
705,705,FxY14,FXY14,Float,1.0,R/W,100.0,,,,,,,,,,,
706,706,FxY15,FXY15,Float,1.0,R/W,100.0,,,,,,,,,,,
707,707,GasCv,GASCV,Float,1.0,R/W,100.0,,,,,,,,,,Control Valve ,
708,708,GasDb,GASDB,Float,1.0,R/W,100.0,,,,,,,,,,,
709,709,GasErrAlDb,GASERRALDB,Float,1.0,R/W,100.0,,,,,,,,,,Error ,
710,710,GasErrNegAlLim,GASERRNEGALLIM,Float,1.0,R/W,100.0,,,,,,,,,,Error Limit ,
711,711,GasErrPosAlLim,GASERRPOSALLIM,Float,1.0,R/W,100.0,,,,,,,,,,Error Limit ,
712,712,GasFcvPos,GASFCVPOS,Float,1.0,R/W,100.0,,,,,,,,,,Control Valve ,
713,713,GasFcvPosDev,GASFCVPOSDEV,Float,1.0,R/W,100.0,,,,,,,,,,Control Valve ,
714,714,GasFcvPosFb,GASFCVPOSFB,Float,1.0,R/W,100.0,,,,,,,,,,Control Valve ,
715,715,GasFcvPosFbMax,GASFCVPOSFBMAX,Float,1.0,R/W,100.0,,,,,,,,,,Control Valve ,
716,716,GasFcvPosFbMin,GASFCVPOSFBMIN,Float,1.0,R/W,100.0,,,,,,,,,,Control Valve ,
717,717,GasFcvPosFbPct,GASFCVPOSFBPCT,Float,1.0,R/W,100.0,,,,,,,,,,Control Valve ,
718,718,GasFcvPosFbRng,GASFCVPOSFBRNG,Float,1.0,R/W,100.0,,,,,,,,,,Control Valve ,
719,719,GasFlw,GASFLW,Float,1.0,R/W,100.0,,,,,,,,,,,
720,720,GasFlwDp,GASFLWDP,Float,1.0,R/W,100.0,,,,,,,,,,,
721,721,GasFlwDpMax,GASFLWDPMAX,Float,1.0,R/W,100.0,,,,,,,,,,,
722,722,GasFlwDpMin,GASFLWDPMIN,Float,1.0,R/W,100.0,,,,,,,,,,,
723,723,GasFlwDpPct,GASFLWDPPCT,Float,1.0,R/W,100.0,,,,,,,,,,,
724,724,GasFlwDpRng,GASFLWDPRNG,Float,1.0,R/W,100.0,,,,,,,,,,,
725,725,GasFlwMax,GASFLWMAX,Float,1.0,R/W,100.0,,,,,,,,,,,
726,726,GasFlwMin,GASFLWMIN,Float,1.0,R/W,100.0,,,,,,,,,,,
727,727,GasFlwPct,GASFLWPCT,Float,1.0,R/W,100.0,,,,,,,,,,,
728,728,GasFlwPrsComp,GASFLWPRSCOMP,Float,1.0,R/W,100.0,,,,,,,,,,,
729,729,GasFlwRng,GASFLWRNG,Float,1.0,R/W,100.0,,,,,,,,,,,
730,730,GasFlwTmpComp,GASFLWTMPCOMP,Float,1.0,R/W,100.0,,,,,,,,,,,
731,731,GasFlwTtl,GASFLWTTL,Float,1.0,R/W,100.0,,,,,,,,,,,
732,732,GasKc,GASKC,Float,1.0,R/W,100.0,,,,,,,,,,,
733,733,GasKcFast,GASKCFAST,Float,1.0,R/W,100.0,,,,,,,,,,,
734,734,GasMaxFcvPos,GASMAXFCVPOS,Float,1.0,R/W,100.0,,,,,,,,,,Control Valve ,
735,735,GasMeasFlw,GASMEASFLW,Float,1.0,R/W,100.0,,,,,,,,,,,
736,736,GasMeasFlwPct,GASMEASFLWPCT,Float,1.0,R/W,100.0,,,,,,,,,,,
737,737,GasMeasPrs,GASMEASPRS,Float,1.0,R/W,100.0,,,,,,,,,,,
738,738,GasMeasTmp,GASMEASTMP,Float,1.0,R/W,100.0,,,,,,,,,,,
739,739,GasOut,GASOUT,Float,1.0,R/W,100.0,,,,,,,,,,,
740,740,GasOutLtoff,GASOUTLTOFF,Float,1.0,R/W,100.0,,,,,,,,,,,
741,741,GasPrs,GASPRS,Float,1.0,R/W,100.0,,,,,,,,,,,
742,742,GasPrsMax,GASPRSMAX,Float,1.0,R/W,100.0,,,,,,,,,,,
743,743,GasPrsMin,GASPRSMIN,Float,1.0,R/W,100.0,,,,,,,,,,,
744,744,GasPrsPct,GASPRSPCT,Float,1.0,R/W,100.0,,,,,,,,,,,
745,745,GasPrsRng,GASPRSRNG,Float,1.0,R/W,100.0,,,,,,,,,,,
746,746,GasPv,GASPV,Float,1.0,R/W,100.0,,,,,,,,,,,
747,747,GasPvAlDb,GASPVALDB,Float,1.0,R/W,100.0,,,,,,,,,,,
748,748,GasPvGain,GASPVGAIN,Float,1.0,R/W,100.0,,,,,,,,,,,
749,749,GasPvHiAlLim,GASPVHIALLIM,Float,1.0,R/W,100.0,,,,,,,,,,Limit ,
750,750,GasPvLoAlLim,GASPVLOALLIM,Float,1.0,R/W,100.0,,,,,,,,,,Limit ,
751,751,GasPvMax,GASPVMAX,Float,1.0,R/W,100.0,,,,,,,,,,,
752,752,GasPvMin,GASPVMIN,Float,1.0,R/W,100.0,,,,,,,,,,,
753,753,GasPvPreFar,GASPVPREFAR,Float,1.0,R/W,100.0,,,,,,,,,,,
754,754,GasPvRng,GASPVRNG,Float,1.0,R/W,100.0,,,,,,,,,,,
755,755,GasPvSpDev,GASPVSPDEV,Float,1.0,R/W,100.0,,,,,,,,,,,
756,756,GasRefPrs,GASREFPRS,Float,1.0,R/W,100.0,,,,,,,,,,,
757,757,GasRefTmp,GASREFTMP,Float,1.0,R/W,100.0,,,,,,,,,,,
758,758,GasSp,GASSP,Float,1.0,R/W,100.0,,,,,,,,,,,
759,759,GasSpare2,GASSPARE2,Float,1.0,R/W,100.0,,,,,,,,,,,
760,760,GasSpareParm1,GASSPAREPARM1,Float,1.0,R/W,100.0,,,,,,,,,,,
761,761,GasSpareParm2,GASSPAREPARM2,Float,1.0,R/W,100.0,,,,,,,,,,,
762,762,GasSpHiLim,GASSPHILIM,Float,1.0,R/W,100.0,,,,,,,,,,Limit ,
763,763,GasSpLoLim,GASSPLOLIM,Float,1.0,R/W,100.0,,,,,,,,,,Limit ,
764,764,GasTd,GASTD,Float,1.0,R/W,100.0,,,,,,,,,,,
765,765,GasTdFast,GASTDFAST,Float,1.0,R/W,100.0,,,,,,,,,,,
766,766,GasTi,GASTI,Float,1.0,R/W,100.0,,,,,,,,,,,
767,767,GasTiFast,GASTIFAST,Float,1.0,R/W,100.0,,,,,,,,,,,
768,768,GasTmp,GASTMP,Float,1.0,R/W,100.0,,,,,,,,,,,
769,769,GasTmpMax,GASTMPMAX,Float,1.0,R/W,100.0,,,,,,,,,,,
770,770,GasTmpMin,GASTMPMIN,Float,1.0,R/W,100.0,,,,,,,,,,,
771,771,GasTmpPct,GASTMPPCT,Float,1.0,R/W,100.0,,,,,,,,,,,
772,772,GasTmpRng,GASTMPRNG,Float,1.0,R/W,100.0,,,,,,,,,,,
773,773,HdrAirPrsHiLim,HDRAIRPRSHILIM,Float,1.0,R/W,100.0,,,,,,,,,,Limit Air ,
774,774,HdrAirPrsLoLim,HDRAIRPRSLOLIM,Float,1.0,R/W,100.0,,,,,,,,,,Limit Air ,
775,775,HdrGasPrs,HDRGASPRS,Float,1.0,R/W,100.0,,,,,,,,,,,
776,776,HdrGasPrsMax,HDRGASPRSMAX,Float,1.0,R/W,100.0,,,,,,,,,,,
777,777,HdrGasPrsMin,HDRGASPRSMIN,Float,1.0,R/W,100.0,,,,,,,,,,,
778,778,HdrGasPrsPct,HDRGASPRSPCT,Float,1.0,R/W,100.0,,,,,,,,,,,
779,779,HdrGasPrsRng,HDRGASPRSRNG,Float,1.0,R/W,100.0,,,,,,,,,,,
780,780,IbdPos,IBDPOS,Float,1.0,R/W,100.0,,,,,,,,,,,
781,781,IbdPosDev,IBDPOSDEV,Float,1.0,R/W,100.0,,,,,,,,,,,
782,782,IbdPosFb,IBDPOSFB,Float,1.0,R/W,100.0,,,,,,,,,,,
783,783,IbdPosFbMax,IBDPOSFBMAX,Float,1.0,R/W,100.0,,,,,,,,,,,
784,784,IbdPosFbMin,IBDPOSFBMIN,Float,1.0,R/W,100.0,,,,,,,,,,,
785,785,IbdPosFbPct,IBDPOSFBPCT,Float,1.0,R/W,100.0,,,,,,,,,,,
786,786,IbdPosFbRng,IBDPOSFBRNG,Float,1.0,R/W,100.0,,,,,,,,,,,
787,787,IbdPosGas,IBDPOSGAS,Float,1.0,R/W,100.0,,,,,,,,,,,
788,788,IbdPosLtoffDual,IBDPOSLTOFFDUAL,Float,1.0,R/W,100.0,,,,,,,,,,,
789,789,IbdPosLtoffGas,IBDPOSLTOFFGAS,Float,1.0,R/W,100.0,,,,,,,,,,,
790,790,IbdPosLtoffOil,IBDPOSLTOFFOIL,Float,1.0,R/W,100.0,,,,,,,,,,,
791,791,IbdPosOil,IBDPOSOIL,Float,1.0,R/W,100.0,,,,,,,,,,,
792,792,IdfSpd,IDFSPD,Float,1.0,R/W,100.0,,,,,,,,,,,
793,793,IdfSpdDev,IDFSPDDEV,Float,1.0,R/W,100.0,,,,,,,,,,,
794,794,IvdPos,IVDPOS,Float,1.0,R/W,100.0,,,,,,,,,,,
795,795,IvdPosDev,IVDPOSDEV,Float,1.0,R/W,100.0,,,,,,,,,,,
796,796,IvdPosFb,IVDPOSFB,Float,1.0,R/W,100.0,,,,,,,,,,,
797,797,IvdPosFbMax,IVDPOSFBMAX,Float,1.0,R/W,100.0,,,,,,,,,,,
798,798,IvdPosFbMin,IVDPOSFBMIN,Float,1.0,R/W,100.0,,,,,,,,,,,
799,799,IvdPosFbPct,IVDPOSFBPCT,Float,1.0,R/W,100.0,,,,,,,,,,,
800,800,IvdPosFbRng,IVDPOSFBRNG,Float,1.0,R/W,100.0,,,,,,,,,,,
801,801,JckPos,JCKPOS,Float,1.0,R/W,100.0,,,,,,,,,,,
802,802,JckPosDev,JCKPOSDEV,Float,1.0,R/W,100.0,,,,,,,,,,,
803,803,L13Cv,L13CV,Float,1.0,R/W,100.0,,,,,,,,,,Control Valve ,
804,804,L13Db,L13DB,Float,1.0,R/W,100.0,,,,,,,,,,,
805,805,L13ErrAlDb,L13ERRALDB,Float,1.0,R/W,100.0,,,,,,,,,,Error ,
806,806,L13ErrNegAlLim,L13ERRNEGALLIM,Float,1.0,R/W,100.0,,,,,,,,,,Error Limit ,
807,807,L13ErrPosAlLim,L13ERRPOSALLIM,Float,1.0,R/W,100.0,,,,,,,,,,Error Limit ,
808,808,L13Kc,L13KC,Float,1.0,R/W,100.0,,,,,,,,,,,
809,809,L13Out,L13OUT,Float,1.0,R/W,100.0,,,,,,,,,,,
810,810,L13Pv,L13PV,Float,1.0,R/W,100.0,,,,,,,,,,,
811,811,L13PvAlDb,L13PVALDB,Float,1.0,R/W,100.0,,,,,,,,,,,
812,812,L13PvHiAlLim,L13PVHIALLIM,Float,1.0,R/W,100.0,,,,,,,,,,Limit ,
813,813,L13PvLoAlLim,L13PVLOALLIM,Float,1.0,R/W,100.0,,,,,,,,,,Limit ,
814,814,L13PvMax,L13PVMAX,Float,1.0,R/W,100.0,,,,,,,,,,,
815,815,L13PvMin,L13PVMIN,Float,1.0,R/W,100.0,,,,,,,,,,,
816,816,L13PvPct,L13PVPCT,Float,1.0,R/W,100.0,,,,,,,,,,,
817,817,L13PvRng,L13PVRNG,Float,1.0,R/W,100.0,,,,,,,,,,,
818,818,L13PvSpDev,L13PVSPDEV,Float,1.0,R/W,100.0,,,,,,,,,,,
819,819,L13Sp,L13SP,Float,1.0,R/W,100.0,,,,,,,,,,,
820,820,L13Spare5,L13SPARE5,Float,1.0,R/W,100.0,,,,,,,,,,,
821,821,L13SpareParm1,L13SPAREPARM1,Float,1.0,R/W,100.0,,,,,,,,,,,
822,822,L13SpareParm2,L13SPAREPARM2,Float,1.0,R/W,100.0,,,,,,,,,,,
823,823,L13SpGas,L13SPGAS,Float,1.0,R/W,100.0,,,,,,,,,,,
824,824,L13SpHiLim,L13SPHILIM,Float,1.0,R/W,100.0,,,,,,,,,,Limit ,
825,825,L13SpLoLim,L13SPLOLIM,Float,1.0,R/W,100.0,,,,,,,,,,Limit ,
826,826,L13SpOil,L13SPOIL,Float,1.0,R/W,100.0,,,,,,,,,,,
827,827,L13SpPct,L13SPPCT,Float,1.0,R/W,100.0,,,,,,,,,,,
828,828,L13Td,L13TD,Float,1.0,R/W,100.0,,,,,,,,,,,
829,829,L13Ti,L13TI,Float,1.0,R/W,100.0,,,,,,,,,,,
830,830,L13Trm,L13TRM,Float,1.0,R/W,100.0,,,,,,,,,,,
831,831,L14Cv,L14CV,Float,1.0,R/W,100.0,,,,,,,,,,Control Valve ,
832,832,L14Db,L14DB,Float,1.0,R/W,100.0,,,,,,,,,,,
833,833,L14ErrAlDb,L14ERRALDB,Float,1.0,R/W,100.0,,,,,,,,,,Error ,
834,834,L14ErrNegAlLim,L14ERRNEGALLIM,Float,1.0,R/W,100.0,,,,,,,,,,Error Limit ,
835,835,L14ErrPosAlLim,L14ERRPOSALLIM,Float,1.0,R/W,100.0,,,,,,,,,,Error Limit ,
836,836,L14Kc,L14KC,Float,1.0,R/W,100.0,,,,,,,,,,,
837,837,L14Out,L14OUT,Float,1.0,R/W,100.0,,,,,,,,,,,
838,838,L14Pv,L14PV,Float,1.0,R/W,100.0,,,,,,,,,,,
839,839,L14PvAlDb,L14PVALDB,Float,1.0,R/W,100.0,,,,,,,,,,,
840,840,L14PvHiAlLim,L14PVHIALLIM,Float,1.0,R/W,100.0,,,,,,,,,,Limit ,
841,841,L14PvLoAlLim,L14PVLOALLIM,Float,1.0,R/W,100.0,,,,,,,,,,Limit ,
842,842,L14PvMax,L14PVMAX,Float,1.0,R/W,100.0,,,,,,,,,,,
843,843,L14PvMin,L14PVMIN,Float,1.0,R/W,100.0,,,,,,,,,,,
844,844,L14PvPct,L14PVPCT,Float,1.0,R/W,100.0,,,,,,,,,,,
845,845,L14PvRng,L14PVRNG,Float,1.0,R/W,100.0,,,,,,,,,,,
846,846,L14PvSpDev,L14PVSPDEV,Float,1.0,R/W,100.0,,,,,,,,,,,
847,847,L14Sp,L14SP,Float,1.0,R/W,100.0,,,,,,,,,,,
848,848,L14Spare2,L14SPARE2,Float,1.0,R/W,100.0,,,,,,,,,,,
849,849,L14Spare3,L14SPARE3,Float,1.0,R/W,100.0,,,,,,,,,,,
850,850,L14Spare4,L14SPARE4,Float,1.0,R/W,100.0,,,,,,,,,,,
851,851,L14Spare5,L14SPARE5,Float,1.0,R/W,100.0,,,,,,,,,,,
852,852,L14SpareParm1,L14SPAREPARM1,Float,1.0,R/W,100.0,,,,,,,,,,,
853,853,L14SpareParm2,L14SPAREPARM2,Float,1.0,R/W,100.0,,,,,,,,,,,
854,854,L14SpHiLim,L14SPHILIM,Float,1.0,R/W,100.0,,,,,,,,,,Limit ,
855,855,L14SpLoLim,L14SPLOLIM,Float,1.0,R/W,100.0,,,,,,,,,,Limit ,
856,856,L14SpPct,L14SPPCT,Float,1.0,R/W,100.0,,,,,,,,,,,
857,857,L14Td,L14TD,Float,1.0,R/W,100.0,,,,,,,,,,,
858,858,L14Ti,L14TI,Float,1.0,R/W,100.0,,,,,,,,,,,
859,859,L15Cv,L15CV,Float,1.0,R/W,100.0,,,,,,,,,,Control Valve ,
860,860,L15Db,L15DB,Float,1.0,R/W,100.0,,,,,,,,,,,
861,861,L15ErrAlDb,L15ERRALDB,Float,1.0,R/W,100.0,,,,,,,,,,Error ,
862,862,L15ErrNegAlLim,L15ERRNEGALLIM,Float,1.0,R/W,100.0,,,,,,,,,,Error Limit ,
863,863,L15ErrPosAlLim,L15ERRPOSALLIM,Float,1.0,R/W,100.0,,,,,,,,,,Error Limit ,
864,864,L15Kc,L15KC,Float,1.0,R/W,100.0,,,,,,,,,,,
865,865,L15Out,L15OUT,Float,1.0,R/W,100.0,,,,,,,,,,,
866,866,L15Pv,L15PV,Float,1.0,R/W,100.0,,,,,,,,,,,
867,867,L15PvAlDb,L15PVALDB,Float,1.0,R/W,100.0,,,,,,,,,,,
868,868,L15PvHiAlLim,L15PVHIALLIM,Float,1.0,R/W,100.0,,,,,,,,,,Limit ,
869,869,L15PvLoAlLim,L15PVLOALLIM,Float,1.0,R/W,100.0,,,,,,,,,,Limit ,
870,870,L15PvMax,L15PVMAX,Float,1.0,R/W,100.0,,,,,,,,,,,
871,871,L15PvMin,L15PVMIN,Float,1.0,R/W,100.0,,,,,,,,,,,
872,872,L15PvPct,L15PVPCT,Float,1.0,R/W,100.0,,,,,,,,,,,
873,873,L15PvRng,L15PVRNG,Float,1.0,R/W,100.0,,,,,,,,,,,
874,874,L15PvSpDev,L15PVSPDEV,Float,1.0,R/W,100.0,,,,,,,,,,,
875,875,L15Sp,L15SP,Float,1.0,R/W,100.0,,,,,,,,,,,
876,876,L15Spare2,L15SPARE2,Float,1.0,R/W,100.0,,,,,,,,,,,
877,877,L15Spare3,L15SPARE3,Float,1.0,R/W,100.0,,,,,,,,,,,
878,878,L15Spare4,L15SPARE4,Float,1.0,R/W,100.0,,,,,,,,,,,
879,879,L15Spare5,L15SPARE5,Float,1.0,R/W,100.0,,,,,,,,,,,
880,880,L15SpareParm1,L15SPAREPARM1,Float,1.0,R/W,100.0,,,,,,,,,,,
881,881,L15SpareParm2,L15SPAREPARM2,Float,1.0,R/W,100.0,,,,,,,,,,,
882,882,L15SpHiLim,L15SPHILIM,Float,1.0,R/W,100.0,,,,,,,,,,Limit ,
883,883,L15SpLoLim,L15SPLOLIM,Float,1.0,R/W,100.0,,,,,,,,,,Limit ,
884,884,L15SpPct,L15SPPCT,Float,1.0,R/W,100.0,,,,,,,,,,,
885,885,L15Td,L15TD,Float,1.0,R/W,100.0,,,,,,,,,,,
886,886,L15Ti,L15TI,Float,1.0,R/W,100.0,,,,,,,,,,,
887,887,L16ActMinTmp,L16ACTMINTMP,Float,1.0,R/W,100.0,,,,,,,,,,,
888,888,L16Cv,L16CV,Float,1.0,R/W,100.0,,,,,,,,,,Control Valve ,
889,889,L16Db,L16DB,Float,1.0,R/W,100.0,,,,,,,,,,,
890,890,L16ErrAlDb,L16ERRALDB,Float,1.0,R/W,100.0,,,,,,,,,,Error ,
891,891,L16ErrNegAlLim,L16ERRNEGALLIM,Float,1.0,R/W,100.0,,,,,,,,,,Error Limit ,
892,892,L16ErrPosAlLim,L16ERRPOSALLIM,Float,1.0,R/W,100.0,,,,,,,,,,Error Limit ,
893,893,L16Kc,L16KC,Float,1.0,R/W,100.0,,,,,,,,,,,
894,894,L16Out,L16OUT,Float,1.0,R/W,100.0,,,,,,,,,,,
895,895,L16OutMax,L16OUTMAX,Float,1.0,R/W,100.0,,,,,,,,,,,
896,896,L16OutMin,L16OUTMIN,Float,1.0,R/W,100.0,,,,,,,,,,,
897,897,L16Pv,L16PV,Float,1.0,R/W,100.0,,,,,,,,,,,
898,898,L16PvAlDb,L16PVALDB,Float,1.0,R/W,100.0,,,,,,,,,,,
899,899,L16PvHiAlLim,L16PVHIALLIM,Float,1.0,R/W,100.0,,,,,,,,,,Limit ,
900,900,L16PvLoAlLim,L16PVLOALLIM,Float,1.0,R/W,100.0,,,,,,,,,,Limit ,
901,901,L16PvMax,L16PVMAX,Float,1.0,R/W,100.0,,,,,,,,,,,
902,902,L16PvMin,L16PVMIN,Float,1.0,R/W,100.0,,,,,,,,,,,
903,903,L16PvPct,L16PVPCT,Float,1.0,R/W,100.0,,,,,,,,,,,
904,904,L16PvRng,L16PVRNG,Float,1.0,R/W,100.0,,,,,,,,,,,
905,905,L16PvSpDev,L16PVSPDEV,Float,1.0,R/W,100.0,,,,,,,,,,,
906,906,L16Sp,L16SP,Float,1.0,R/W,100.0,,,,,,,,,,,
907,907,L16Spare4,L16SPARE4,Float,1.0,R/W,100.0,,,,,,,,,,,
908,908,L16Spare5,L16SPARE5,Float,1.0,R/W,100.0,,,,,,,,,,,
909,909,L16SpareParm2,L16SPAREPARM2,Float,1.0,R/W,100.0,,,,,,,,,,,
910,910,L16SpHiLim,L16SPHILIM,Float,1.0,R/W,100.0,,,,,,,,,,Limit ,
911,911,L16SpLoLim,L16SPLOLIM,Float,1.0,R/W,100.0,,,,,,,,,,Limit ,
912,912,L16SpPct,L16SPPCT,Float,1.0,R/W,100.0,,,,,,,,,,,
913,913,L16Td,L16TD,Float,1.0,R/W,100.0,,,,,,,,,,,
914,914,L16Ti,L16TI,Float,1.0,R/W,100.0,,,,,,,,,,,
915,915,LastScan,LASTSCAN,Float,1.0,R/W,100.0,,,,,,,,,,,
916,916,LxxSpareParm11,LXXSPAREPARM11,Float,1.0,R/W,100.0,,,,,,,,,,,
917,917,LxxSpareParm12,LXXSPAREPARM12,Float,1.0,R/W,100.0,,,,,,,,,,,
918,918,LxxSpareParm13,LXXSPAREPARM13,Float,1.0,R/W,100.0,,,,,,,,,,,
919,919,LxxSpareParm14,LXXSPAREPARM14,Float,1.0,R/W,100.0,,,,,,,,,,,
920,920,LxxSpareParm15,LXXSPAREPARM15,Float,1.0,R/W,100.0,,,,,,,,,,,
921,921,LxxSpareParm16,LXXSPAREPARM16,Float,1.0,R/W,100.0,,,,,,,,,,,
922,922,LxxSpareParm17,LXXSPAREPARM17,Float,1.0,R/W,100.0,,,,,,,,,,,
923,923,LxxSpareParm18,LXXSPAREPARM18,Float,1.0,R/W,100.0,,,,,,,,,,,
924,924,LxxSpareParm19,LXXSPAREPARM19,Float,1.0,R/W,100.0,,,,,,,,,,,
925,925,LxxSpareParm20,LXXSPAREPARM20,Float,1.0,R/W,100.0,,,,,,,,,,,
926,926,LxxSpareParm21,LXXSPAREPARM21,Float,1.0,R/W,100.0,,,,,,,,,,,
927,927,LxxSpareParm22,LXXSPAREPARM22,Float,1.0,R/W,100.0,,,,,,,,,,,
928,928,LxxSpareParm23,LXXSPAREPARM23,Float,1.0,R/W,100.0,,,,,,,,,,,
929,929,LxxSpareParm24,LXXSPAREPARM24,Float,1.0,R/W,100.0,,,,,,,,,,,
930,930,LxxSpareParm25,LXXSPAREPARM25,Float,1.0,R/W,100.0,,,,,,,,,,,
931,931,MaxFuelSp,MAXFUELSP,Float,1.0,R/W,100.0,,,,,,,,,,,
932,932,MaxScan,MAXSCAN,Float,1.0,R/W,100.0,,,,,,,,,,,
933,933,McrCv,MCRCV,Float,1.0,R/W,100.0,,,,,,,,,,Control Valve ,
934,934,McrDb,MCRDB,Float,1.0,R/W,100.0,,,,,,,,,,,
935,935,McrErrAlDb,MCRERRALDB,Float,1.0,R/W,100.0,,,,,,,,,,Error ,
936,936,McrErrNegAlLim,MCRERRNEGALLIM,Float,1.0,R/W,100.0,,,,,,,,,,Error Limit ,
937,937,McrErrPosAlLim,MCRERRPOSALLIM,Float,1.0,R/W,100.0,,,,,,,,,,Error Limit ,
938,938,McrKc,MCRKC,Float,1.0,R/W,100.0,,,,,,,,,,,
939,939,McrOut,MCROUT,Float,1.0,R/W,100.0,,,,,,,,,,,
940,940,McrOutBias,MCROUTBIAS,Float,1.0,R/W,100.0,,,,,,,,,,,
941,941,McrOutLtoffGas,MCROUTLTOFFGAS,Float,1.0,R/W,100.0,,,,,,,,,,,
942,942,McrOutLtoffOil,MCROUTLTOFFOIL,Float,1.0,R/W,100.0,,,,,,,,,,,
943,943,McrOutMax,MCROUTMAX,Float,1.0,R/W,100.0,,,,,,,,,,,
944,944,McrOutMin,MCROUTMIN,Float,1.0,R/W,100.0,,,,,,,,,,,
945,945,McrPv,MCRPV,Float,1.0,R/W,100.0,,,,,,,,,,,
946,946,McrPvAlDb,MCRPVALDB,Float,1.0,R/W,100.0,,,,,,,,,,,
947,947,McrPvHiAlLim,MCRPVHIALLIM,Float,1.0,R/W,100.0,,,,,,,,,,Limit ,
948,948,McrPvLoAlLim,MCRPVLOALLIM,Float,1.0,R/W,100.0,,,,,,,,,,Limit ,
949,949,McrPvMax,MCRPVMAX,Float,1.0,R/W,100.0,,,,,,,,,,,
950,950,McrPvMin,MCRPVMIN,Float,1.0,R/W,100.0,,,,,,,,,,,
951,951,McrPvMinAuto,MCRPVMINAUTO,Float,1.0,R/W,100.0,,,,,,,,,,,
952,952,McrPvPct,MCRPVPCT,Float,1.0,R/W,100.0,,,,,,,,,,,
953,953,McrPvRng,MCRPVRNG,Float,1.0,R/W,100.0,,,,,,,,,,,
954,954,McrPvSpDev,MCRPVSPDEV,Float,1.0,R/W,100.0,,,,,,,,,,,
955,955,McrRemDmd,MCRREMDMD,Float,1.0,R/W,100.0,,,,,,,,,,,
956,956,McrSp,MCRSP,Float,1.0,R/W,100.0,,,,,,,,,,,
957,957,McrSpare2,MCRSPARE2,Float,1.0,R/W,100.0,,,,,,,,,,,
958,958,McrSpareParm1,MCRSPAREPARM1,Float,1.0,R/W,100.0,,,,,,,,,,,
959,959,McrSpareParm2,MCRSPAREPARM2,Float,1.0,R/W,100.0,,,,,,,,,,,
960,960,McrSpHiLim,MCRSPHILIM,Float,1.0,R/W,100.0,,,,,,,,,,Limit ,
961,961,McrSpLoLim,MCRSPLOLIM,Float,1.0,R/W,100.0,,,,,,,,,,Limit ,
962,962,McrSpPct,MCRSPPCT,Float,1.0,R/W,100.0,,,,,,,,,,,
963,963,McrTd,MCRTD,Float,1.0,R/W,100.0,,,,,,,,,,,
964,964,McrTi,MCRTI,Float,1.0,R/W,100.0,,,,,,,,,,,
965,965,MdPcvPos,MDPCVPOS,Float,1.0,R/W,100.0,,,,,,,,,,Control Valve ,
966,966,MdPcvPosDev,MDPCVPOSDEV,Float,1.0,R/W,100.0,,,,,,,,,,Control Valve ,
967,967,MinAirSp,MINAIRSP,Float,1.0,R/W,100.0,,,,,,,,,,Air ,
968,968,MstrDmd,MSTRDMD,Float,1.0,R/W,100.0,,,,,,,,,,,
969,969,MstrDmdChgRate,MSTRDMDCHGRATE,Float,1.0,R/W,100.0,,,,,,,,,,,
970,970,OilAtmDp,OILATMDP,Float,1.0,R/W,100.0,,,,,,,,,,,
971,971,OilAtmDpMax,OILATMDPMAX,Float,1.0,R/W,100.0,,,,,,,,,,,
972,972,OilAtmDpMin,OILATMDPMIN,Float,1.0,R/W,100.0,,,,,,,,,,,
973,973,OilAtmDpPct,OILATMDPPCT,Float,1.0,R/W,100.0,,,,,,,,,,,
974,974,OilAtmDpRng,OILATMDPRNG,Float,1.0,R/W,100.0,,,,,,,,,,,
975,975,OilCv,OILCV,Float,1.0,R/W,100.0,,,,,,,,,,Control Valve ,
976,976,OilDb,OILDB,Float,1.0,R/W,100.0,,,,,,,,,,,
977,977,OilErrAlDb,OILERRALDB,Float,1.0,R/W,100.0,,,,,,,,,,Error ,
978,978,OilErrNegAlLim,OILERRNEGALLIM,Float,1.0,R/W,100.0,,,,,,,,,,Error Limit ,
979,979,OilErrPosAlLim,OILERRPOSALLIM,Float,1.0,R/W,100.0,,,,,,,,,,Error Limit ,
980,980,OilFcvPos,OILFCVPOS,Float,1.0,R/W,100.0,,,,,,,,,,Control Valve ,
981,981,OilFcvPosDev,OILFCVPOSDEV,Float,1.0,R/W,100.0,,,,,,,,,,Control Valve ,
982,982,OilFcvPosFb,OILFCVPOSFB,Float,1.0,R/W,100.0,,,,,,,,,,Control Valve ,
983,983,OilFcvPosFbMax,OILFCVPOSFBMAX,Float,1.0,R/W,100.0,,,,,,,,,,Control Valve ,
984,984,OilFcvPosFbMin,OILFCVPOSFBMIN,Float,1.0,R/W,100.0,,,,,,,,,,Control Valve ,
985,985,OilFcvPosFbPct,OILFCVPOSFBPCT,Float,1.0,R/W,100.0,,,,,,,,,,Control Valve ,
986,986,OilFcvPosFbRng,OILFCVPOSFBRNG,Float,1.0,R/W,100.0,,,,,,,,,,Control Valve ,
987,987,OilFlw,OILFLW,Float,1.0,R/W,100.0,,,,,,,,,,,
988,988,OilFlwMax,OILFLWMAX,Float,1.0,R/W,100.0,,,,,,,,,,,
989,989,OilFlwMin,OILFLWMIN,Float,1.0,R/W,100.0,,,,,,,,,,,
990,990,OilFlwPct,OILFLWPCT,Float,1.0,R/W,100.0,,,,,,,,,,,
991,991,OilFlwRng,OILFLWRNG,Float,1.0,R/W,100.0,,,,,,,,,,,
992,992,OilFlwTtl,OILFLWTTL,Float,1.0,R/W,100.0,,,,,,,,,,,
993,993,OilKc,OILKC,Float,1.0,R/W,100.0,,,,,,,,,,,
994,994,OilKcFast,OILKCFAST,Float,1.0,R/W,100.0,,,,,,,,,,,
995,995,OilMeasFlw,OILMEASFLW,Float,1.0,R/W,100.0,,,,,,,,,,,
996,996,OilMeasFlwPct,OILMEASFLWPCT,Float,1.0,R/W,100.0,,,,,,,,,,,
997,997,OilOut,OILOUT,Float,1.0,R/W,100.0,,,,,,,,,,,
998,998,OilOutLtoff,OILOUTLTOFF,Float,1.0,R/W,100.0,,,,,,,,,,,
999,999,OilPv,OILPV,Float,1.0,R/W,100.0,,,,,,,,,,,
1000,1000,OilPvAlDb,OILPVALDB,Float,1.0,R/W,100.0,,,,,,,,,,,
1001,1001,OilPvGain,OILPVGAIN,Float,1.0,R/W,100.0,,,,,,,,,,,
1002,1002,OilPvHiAlLim,OILPVHIALLIM,Float,1.0,R/W,100.0,,,,,,,,,,Limit ,
1003,1003,OilPvLoAlLim,OILPVLOALLIM,Float,1.0,R/W,100.0,,,,,,,,,,Limit ,
1004,1004,OilPvMax,OILPVMAX,Float,1.0,R/W,100.0,,,,,,,,,,,
1005,1005,OilPvMin,OILPVMIN,Float,1.0,R/W,100.0,,,,,,,,,,,
1006,1006,OilPvPreFar,OILPVPREFAR,Float,1.0,R/W,100.0,,,,,,,,,,,
1007,1007,OilPvRng,OILPVRNG,Float,1.0,R/W,100.0,,,,,,,,,,,
1008,1008,OilPvSpDev,OILPVSPDEV,Float,1.0,R/W,100.0,,,,,,,,,,,
1009,1009,OilSp,OILSP,Float,1.0,R/W,100.0,,,,,,,,,,,
1010,1010,OilSpHiLim,OILSPHILIM,Float,1.0,R/W,100.0,,,,,,,,,,Limit ,
1011,1011,OilSpLoLim,OILSPLOLIM,Float,1.0,R/W,100.0,,,,,,,,,,Limit ,
1012,1012,OilTd,OILTD,Float,1.0,R/W,100.0,,,,,,,,,,,
1013,1013,OilTdFast,OILTDFAST,Float,1.0,R/W,100.0,,,,,,,,,,,
1014,1014,OilTi,OILTI,Float,1.0,R/W,100.0,,,,,,,,,,,
1015,1015,OilTiFast,OILTIFAST,Float,1.0,R/W,100.0,,,,,,,,,,,
1016,1016,OilTmp,OILTMP,Float,1.0,R/W,100.0,,,,,,,,,,,
1017,1017,OilTmpMax,OILTMPMAX,Float,1.0,R/W,100.0,,,,,,,,,,,
1018,1018,OilTmpMin,OILTMPMIN,Float,1.0,R/W,100.0,,,,,,,,,,,
1019,1019,OilTmpPct,OILTMPPCT,Float,1.0,R/W,100.0,,,,,,,,,,,
1020,1020,OilTmpRng,OILTMPRNG,Float,1.0,R/W,100.0,,,,,,,,,,,
1021,1021,OpStmPrs,OPSTMPRS,Float,1.0,R/W,100.0,,,,,,,,,,,
1022,1022,OpStmTmp,OPSTMTMP,Float,1.0,R/W,100.0,,,,,,,,,,,
1023,1023,OutDmpPos,OUTDMPPOS,Float,1.0,R/W,100.0,,,,,,,,,,,
1024,1024,OutDmpPosDev,OUTDMPPOSDEV,Float,1.0,R/W,100.0,,,,,,,,,,,
1025,1025,OutDmpPosFb,OUTDMPPOSFB,Float,1.0,R/W,100.0,,,,,,,,,,,
1026,1026,OutDmpPosFbMax,OUTDMPPOSFBMAX,Float,1.0,R/W,100.0,,,,,,,,,,,
1027,1027,OutDmpPosFbMin,OUTDMPPOSFBMIN,Float,1.0,R/W,100.0,,,,,,,,,,,
1028,1028,OutDmpPosFbPct,OUTDMPPOSFBPCT,Float,1.0,R/W,100.0,,,,,,,,,,,
1029,1029,OutDmpPosFbRng,OUTDMPPOSFBRNG,Float,1.0,R/W,100.0,,,,,,,,,,,
1030,1030,OutDmpPosFrmDmd,OUTDMPPOSFRMDMD,Float,1.0,R/W,100.0,,,,,,,,,,,
1031,1031,OxCv,OXCV,Float,1.0,R/W,100.0,,,,,,,,,,Control Valve ,
1032,1032,OxDb,OXDB,Float,1.0,R/W,100.0,,,,,,,,,,,
1033,1033,OxErrAlDb,OXERRALDB,Float,1.0,R/W,100.0,,,,,,,,,,Error ,
1034,1034,OxErrNegAlLim,OXERRNEGALLIM,Float,1.0,R/W,100.0,,,,,,,,,,Error Limit ,
1035,1035,OxErrPosAlLim,OXERRPOSALLIM,Float,1.0,R/W,100.0,,,,,,,,,,Error Limit ,
1036,1036,OxKc,OXKC,Float,1.0,R/W,100.0,,,,,,,,,,,
1037,1037,OxMinDmdAutoAct,OXMINDMDAUTOACT,Float,1.0,R/W,100.0,,,,,,,,,,,
1038,1038,OxOut,OXOUT,Float,1.0,R/W,100.0,,,,,,,,,,,
1039,1039,OxPv,OXPV,Float,1.0,R/W,100.0,,,,,,,,,,,
1040,1040,OxPvAlDb,OXPVALDB,Float,1.0,R/W,100.0,,,,,,,,,,,
1041,1041,OxPvHiAlLim,OXPVHIALLIM,Float,1.0,R/W,100.0,,,,,,,,,,Limit ,
1042,1042,OxPvLoAlLim,OXPVLOALLIM,Float,1.0,R/W,100.0,,,,,,,,,,Limit ,
1043,1043,OxPvMax,OXPVMAX,Float,1.0,R/W,100.0,,,,,,,,,,,
1044,1044,OxPvMin,OXPVMIN,Float,1.0,R/W,100.0,,,,,,,,,,,
1045,1045,OxPvPct,OXPVPCT,Float,1.0,R/W,100.0,,,,,,,,,,,
1046,1046,OxPvRng,OXPVRNG,Float,1.0,R/W,100.0,,,,,,,,,,,
1047,1047,OxPvSpDev,OXPVSPDEV,Float,1.0,R/W,100.0,,,,,,,,,,,
1048,1048,OxSp,OXSP,Float,1.0,R/W,100.0,,,,,,,,,,,
1049,1049,OxSpare2,OXSPARE2,Float,1.0,R/W,100.0,,,,,,,,,,,
1050,1050,OxSpare3,OXSPARE3,Float,1.0,R/W,100.0,,,,,,,,,,,
1051,1051,OxSpareParm1,OXSPAREPARM1,Float,1.0,R/W,100.0,,,,,,,,,,,
1052,1052,OxSpBias,OXSPBIAS,Float,1.0,R/W,100.0,,,,,,,,,,,
1053,1053,OxSpFromFuel,OXSPFROMFUEL,Float,1.0,R/W,100.0,,,,,,,,,,,
1054,1054,OxSpHiLim,OXSPHILIM,Float,1.0,R/W,100.0,,,,,,,,,,Limit ,
1055,1055,OxSpLoLim,OXSPLOLIM,Float,1.0,R/W,100.0,,,,,,,,,,Limit ,
1056,1056,OxSpPct,OXSPPCT,Float,1.0,R/W,100.0,,,,,,,,,,,
1057,1057,OxTd,OXTD,Float,1.0,R/W,100.0,,,,,,,,,,,
1058,1058,OxTi,OXTI,Float,1.0,R/W,100.0,,,,,,,,,,,
1059,1059,OxTrimVal,OXTRIMVAL,Float,1.0,R/W,100.0,,,,,,,,,,,
1060,1060,PotWtrPrsHiLim,POTWTRPRSHILIM,Float,1.0,R/W,100.0,,,,,,,,,,Limit ,
1061,1061,PotWtrPrsLoLim,POTWTRPRSLOLIM,Float,1.0,R/W,100.0,,,,,,,,,,Limit ,
1062,1062,PpDmdMaxGas,PPDMDMAXGAS,Float,1.0,R/W,100.0,,,,,,,,,,,
1063,1063,PpDmdMaxOil,PPDMDMAXOIL,Float,1.0,R/W,100.0,,,,,,,,,,,
1064,1064,PpDmdMinGas,PPDMDMINGAS,Float,1.0,R/W,100.0,,,,,,,,,,,
1065,1065,PpDmdMinOil,PPDMDMINOIL,Float,1.0,R/W,100.0,,,,,,,,,,,
1066,1066,RemDmd,REMDMD,Float,1.0,R/W,100.0,,,,,,,,,,,
1067,1067,RemDmdMax,REMDMDMAX,Float,1.0,R/W,100.0,,,,,,,,,,,
1068,1068,RemDmdMin,REMDMDMIN,Float,1.0,R/W,100.0,,,,,,,,,,,
1069,1069,RemDmdPct,REMDMDPCT,Float,1.0,R/W,100.0,,,,,,,,,,,
1070,1070,RemDmdRng,REMDMDRNG,Float,1.0,R/W,100.0,,,,,,,,,,,
1071,1071,Rlm01_F,RLM01_F,Float,1.0,R/W,100.0,,,,,,,,,,,
1072,1072,Rlm01_R,RLM01_R,Float,1.0,R/W,100.0,,,,,,,,,,,
1073,1073,Rlm02_F,RLM02_F,Float,1.0,R/W,100.0,,,,,,,,,,,
1074,1074,Rlm02_R,RLM02_R,Float,1.0,R/W,100.0,,,,,,,,,,,
1075,1075,Rlm03_F,RLM03_F,Float,1.0,R/W,100.0,,,,,,,,,,,
1076,1076,Rlm03_R,RLM03_R,Float,1.0,R/W,100.0,,,,,,,,,,,
1077,1077,Rlm04_F,RLM04_F,Float,1.0,R/W,100.0,,,,,,,,,,,
1078,1078,Rlm04_R,RLM04_R,Float,1.0,R/W,100.0,,,,,,,,,,,
1079,1079,Rlm05_F,RLM05_F,Float,1.0,R/W,100.0,,,,,,,,,,,
1080,1080,Rlm05_R,RLM05_R,Float,1.0,R/W,100.0,,,,,,,,,,,
1081,1081,Rlm06_F,RLM06_F,Float,1.0,R/W,100.0,,,,,,,,,,,
1082,1082,Rlm06_R,RLM06_R,Float,1.0,R/W,100.0,,,,,,,,,,,
1083,1083,Rlm07_F,RLM07_F,Float,1.0,R/W,100.0,,,,,,,,,,,
1084,1084,Rlm07_R,RLM07_R,Float,1.0,R/W,100.0,,,,,,,,,,,
1085,1085,Rlm08_F,RLM08_F,Float,1.0,R/W,100.0,,,,,,,,,,,
1086,1086,Rlm08_R,RLM08_R,Float,1.0,R/W,100.0,,,,,,,,,,,
1087,1087,Rlm09_F,RLM09_F,Float,1.0,R/W,100.0,,,,,,,,,,,
1088,1088,Rlm09_R,RLM09_R,Float,1.0,R/W,100.0,,,,,,,,,,,
1089,1089,Rlm10_F,RLM10_F,Float,1.0,R/W,100.0,,,,,,,,,,,
1090,1090,Rlm10_R,RLM10_R,Float,1.0,R/W,100.0,,,,,,,,,,,
1091,1091,Rlm11_F,RLM11_F,Float,1.0,R/W,100.0,,,,,,,,,,,
1092,1092,Rlm11_R,RLM11_R,Float,1.0,R/W,100.0,,,,,,,,,,,
1093,1093,Rlm12_F,RLM12_F,Float,1.0,R/W,100.0,,,,,,,,,,,
1094,1094,Rlm12_R,RLM12_R,Float,1.0,R/W,100.0,,,,,,,,,,,
1095,1095,Rlm13_F,RLM13_F,Float,1.0,R/W,100.0,,,,,,,,,,,
1096,1096,Rlm13_R,RLM13_R,Float,1.0,R/W,100.0,,,,,,,,,,,
1097,1097,Rlm14_F,RLM14_F,Float,1.0,R/W,100.0,,,,,,,,,,,
1098,1098,Rlm14_R,RLM14_R,Float,1.0,R/W,100.0,,,,,,,,,,,
1099,1099,Rlm15_F,RLM15_F,Float,1.0,R/W,100.0,,,,,,,,,,,
1100,1100,Rlm15_R,RLM15_R,Float,1.0,R/W,100.0,,,,,,,,,,,
1101,1101,Rlm16_F,RLM16_F,Float,1.0,R/W,100.0,,,,,,,,,,,
1102,1102,Rlm16_R,RLM16_R,Float,1.0,R/W,100.0,,,,,,,,,,,
1103,1103,ScanTime,SCANTIME,Float,1.0,R/W,100.0,,,,,,,,,,,
1104,1104,ShOutStmPrs,SHOUTSTMPRS,Float,1.0,R/W,100.0,,,,,,,,,,,
1105,1105,ShOutStmPrsMax,SHOUTSTMPRSMAX,Float,1.0,R/W,100.0,,,,,,,,,,,
1106,1106,ShOutStmPrsMin,SHOUTSTMPRSMIN,Float,1.0,R/W,100.0,,,,,,,,,,,
1107,1107,ShOutStmPrsPct,SHOUTSTMPRSPCT,Float,1.0,R/W,100.0,,,,,,,,,,,
1108,1108,ShOutStmPrsRng,SHOUTSTMPRSRNG,Float,1.0,R/W,100.0,,,,,,,,,,,
1109,1109,ShOutStmTmp,SHOUTSTMTMP,Float,1.0,R/W,100.0,,,,,,,,,,,
1110,1110,ShOutStmTmpMax,SHOUTSTMTMPMAX,Float,1.0,R/W,100.0,,,,,,,,,,,
1111,1111,ShOutStmTmpMin,SHOUTSTMTMPMIN,Float,1.0,R/W,100.0,,,,,,,,,,,
1112,1112,ShOutStmTmpPct,SHOUTSTMTMPPCT,Float,1.0,R/W,100.0,,,,,,,,,,,
1113,1113,ShOutStmTmpRng,SHOUTSTMTMPRNG,Float,1.0,R/W,100.0,,,,,,,,,,,
1114,1114,ShStmDenRef,SHSTMDENREF,Float,1.0,R/W,100.0,,,,,,,,,,,
1115,1115,ShStmFlwRef,SHSTMFLWREF,Float,1.0,R/W,100.0,,,,,,,,,,,
1116,1116,Spare17Pos,SPARE17POS,Float,1.0,R/W,100.0,,,,,,,,,,,
1117,1117,Spare17PosDev,SPARE17POSDEV,Float,1.0,R/W,100.0,,,,,,,,,,,
1118,1118,Spare26Pos,SPARE26POS,Float,1.0,R/W,100.0,,,,,,,,,,,
1119,1119,Spare26PosDev,SPARE26POSDEV,Float,1.0,R/W,100.0,,,,,,,,,,,
1120,1120,Spare27Pos,SPARE27POS,Float,1.0,R/W,100.0,,,,,,,,,,,
1121,1121,Spare27PosDev,SPARE27POSDEV,Float,1.0,R/W,100.0,,,,,,,,,,,
1122,1122,Spare28Pos,SPARE28POS,Float,1.0,R/W,100.0,,,,,,,,,,,
1123,1123,Spare28PosDev,SPARE28POSDEV,Float,1.0,R/W,100.0,,,,,,,,,,,
1124,1124,Spare29Pos,SPARE29POS,Float,1.0,R/W,100.0,,,,,,,,,,,
1125,1125,Spare29PosDev,SPARE29POSDEV,Float,1.0,R/W,100.0,,,,,,,,,,,
1126,1126,Spare30Pos,SPARE30POS,Float,1.0,R/W,100.0,,,,,,,,,,,
1127,1127,Spare30PosDev,SPARE30POSDEV,Float,1.0,R/W,100.0,,,,,,,,,,,
1128,1128,Spare31Pos,SPARE31POS,Float,1.0,R/W,100.0,,,,,,,,,,,
1129,1129,Spare31PosDev,SPARE31POSDEV,Float,1.0,R/W,100.0,,,,,,,,,,,
1130,1130,Spare32Pos,SPARE32POS,Float,1.0,R/W,100.0,,,,,,,,,,,
1131,1131,Spare32PosDev,SPARE32POSDEV,Float,1.0,R/W,100.0,,,,,,,,,,,
1132,1132,StmDen,STMDEN,Float,1.0,R/W,100.0,,,,,,,,,,,
1133,1133,StmDrmPrsA,STMDRMPRSA,Float,1.0,R/W,100.0,,,,,,,,,,,
1134,1134,StmDrmPrsAMax,STMDRMPRSAMAX,Float,1.0,R/W,100.0,,,,,,,,,,,
1135,1135,StmDrmPrsAMin,STMDRMPRSAMIN,Float,1.0,R/W,100.0,,,,,,,,,,,
1136,1136,StmDrmPrsAPct,STMDRMPRSAPCT,Float,1.0,R/W,100.0,,,,,,,,,,,
1137,1137,StmDrmPrsARng,STMDRMPRSARNG,Float,1.0,R/W,100.0,,,,,,,,,,,
1138,1138,StmDrmPrsB,STMDRMPRSB,Float,1.0,R/W,100.0,,,,,,,,,,,
1139,1139,StmDrmPrsBMax,STMDRMPRSBMAX,Float,1.0,R/W,100.0,,,,,,,,,,,
1140,1140,StmDrmPrsBMin,STMDRMPRSBMIN,Float,1.0,R/W,100.0,,,,,,,,,,,
1141,1141,StmDrmPrsBPct,STMDRMPRSBPCT,Float,1.0,R/W,100.0,,,,,,,,,,,
1142,1142,StmDrmPrsBRng,STMDRMPRSBRNG,Float,1.0,R/W,100.0,,,,,,,,,,,
1143,1143,StmDrmPrsDevEuLim,STMDRMPRSDEVEULIM,Float,1.0,R/W,100.0,,,,,,,,,,Limit ,
1144,1144,StmDrmPrsEuAvg,STMDRMPRSEUAVG,Float,1.0,R/W,100.0,,,,,,,,,,,
1145,1145,StmDrmPrsEuDev,STMDRMPRSEUDEV,Float,1.0,R/W,100.0,,,,,,,,,,,
1146,1146,StmDrmPrsPctAvg,STMDRMPRSPCTAVG,Float,1.0,R/W,100.0,,,,,,,,,,,
1147,1147,StmFlw,STMFLW,Float,1.0,R/W,100.0,,,,,,,,,,,
1148,1148,StmFlwDp,STMFLWDP,Float,1.0,R/W,100.0,,,,,,,,,,,
1149,1149,StmFlwDpMax,STMFLWDPMAX,Float,1.0,R/W,100.0,,,,,,,,,,,
1150,1150,StmFlwDpMin,STMFLWDPMIN,Float,1.0,R/W,100.0,,,,,,,,,,,
1151,1151,StmFlwDpPct,STMFLWDPPCT,Float,1.0,R/W,100.0,,,,,,,,,,,
1152,1152,StmFlwDpRef,STMFLWDPREF,Float,1.0,R/W,100.0,,,,,,,,,,,
1153,1153,StmFlwDpRng,STMFLWDPRNG,Float,1.0,R/W,100.0,,,,,,,,,,,
1154,1154,StmFlwMax,STMFLWMAX,Float,1.0,R/W,100.0,,,,,,,,,,,
1155,1155,StmFlwMin,STMFLWMIN,Float,1.0,R/W,100.0,,,,,,,,,,,
1156,1156,StmFlwPct,STMFLWPCT,Float,1.0,R/W,100.0,,,,,,,,,,,
1157,1157,StmFlwRng,STMFLWRNG,Float,1.0,R/W,100.0,,,,,,,,,,,
1158,1158,StmFlwTtl,STMFLWTTL,Float,1.0,R/W,100.0,,,,,,,,,,,
1159,1159,StmInjFcvPos,STMINJFCVPOS,Float,1.0,R/W,100.0,,,,,,,,,,Control Valve ,
1160,1160,StmInjFcvPosDev,STMINJFCVPOSDEV,Float,1.0,R/W,100.0,,,,,,,,,,Control Valve ,
1161,1161,StmInjOutLtoff,STMINJOUTLTOFF,Float,1.0,R/W,100.0,,,,,,,,,,,
1162,1162,StmInjPrs,STMINJPRS,Float,1.0,R/W,100.0,,,,,,,,,,,
1163,1163,StmInjPrsMax,STMINJPRSMAX,Float,1.0,R/W,100.0,,,,,,,,,,,
1164,1164,StmInjPrsMin,STMINJPRSMIN,Float,1.0,R/W,100.0,,,,,,,,,,,
1165,1165,StmInjPrsPct,STMINJPRSPCT,Float,1.0,R/W,100.0,,,,,,,,,,,
1166,1166,StmInjPrsRng,STMINJPRSRNG,Float,1.0,R/W,100.0,,,,,,,,,,,
1167,1167,StmOutPrs,STMOUTPRS,Float,1.0,R/W,100.0,,,,,,,,,,,
1168,1168,StmOutPrsMax,STMOUTPRSMAX,Float,1.0,R/W,100.0,,,,,,,,,,,
1169,1169,StmOutPrsMin,STMOUTPRSMIN,Float,1.0,R/W,100.0,,,,,,,,,,,
1170,1170,StmOutPrsPct,STMOUTPRSPCT,Float,1.0,R/W,100.0,,,,,,,,,,,
1171,1171,StmOutPrsRng,STMOUTPRSRNG,Float,1.0,R/W,100.0,,,,,,,,,,,
1172,1172,StmOutTmp,STMOUTTMP,Float,1.0,R/W,100.0,,,,,,,,,,,
1173,1173,StmOutTmpMax,STMOUTTMPMAX,Float,1.0,R/W,100.0,,,,,,,,,,,
1174,1174,StmOutTmpMin,STMOUTTMPMIN,Float,1.0,R/W,100.0,,,,,,,,,,,
1175,1175,StmOutTmpPct,STMOUTTMPPCT,Float,1.0,R/W,100.0,,,,,,,,,,,
1176,1176,StmOutTmpRng,STMOUTTMPRNG,Float,1.0,R/W,100.0,,,,,,,,,,,
1177,1177,StmTcvPos,STMTCVPOS,Float,1.0,R/W,100.0,,,,,,,,,,Control Valve ,
1178,1178,StmTcvPosDev,STMTCVPOSDEV,Float,1.0,R/W,100.0,,,,,,,,,,Control Valve ,
1179,1179,StmTmpShIn,STMTMPSHIN,Float,1.0,R/W,100.0,,,,,,,,,,,
1180,1180,StmTmpShInMax,STMTMPSHINMAX,Float,1.0,R/W,100.0,,,,,,,,,,,
1181,1181,StmTmpShInMin,STMTMPSHINMIN,Float,1.0,R/W,100.0,,,,,,,,,,,
1182,1182,StmTmpShInPct,STMTMPSHINPCT,Float,1.0,R/W,100.0,,,,,,,,,,,
1183,1183,StmTmpShInRng,STMTMPSHINRNG,Float,1.0,R/W,100.0,,,,,,,,,,,
1184,1184,TtlFuelPv,TTLFUELPV,Float,1.0,R/W,100.0,,,,,,,,,,,
1185,1185,TtlFuelSp,TTLFUELSP,Float,1.0,R/W,100.0,,,,,,,,,,,
1186,1186,WbdPos,WBDPOS,Float,1.0,R/W,100.0,,,,,,,,,,,
1187,1187,WbdPosDev,WBDPOSDEV,Float,1.0,R/W,100.0,,,,,,,,,,,
1188,1188,WbdPosFb,WBDPOSFB,Float,1.0,R/W,100.0,,,,,,,,,,,
1189,1189,WbdPosFbMax,WBDPOSFBMAX,Float,1.0,R/W,100.0,,,,,,,,,,,
1190,1190,WbdPosFbMin,WBDPOSFBMIN,Float,1.0,R/W,100.0,,,,,,,,,,,
1191,1191,WbdPosFbPct,WBDPOSFBPCT,Float,1.0,R/W,100.0,,,,,,,,,,,
1192,1192,WbdPosFbRng,WBDPOSFBRNG,Float,1.0,R/W,100.0,,,,,,,,,,,
1193,1193,WtrDen,WTRDEN,Float,1.0,R/W,100.0,,,,,,,,,,,
1194,1194,WtrDenAmb,WTRDENAMB,Float,1.0,R/W,100.0,,,,,,,,,,,
1195,1195,XlmDbnd,XLMDBND,Float,1.0,R/W,100.0,,,,,,,,,,,
