,AliasName,Address,Data Type,Respect Data Type,Client Access,Scan Rate,Scaling,Raw Low,Raw High,Scaled Low,Scaled High,Scaled Data Type,Clamp Low,Clamp High,Eng Units,Description,Negate Value
0,AirBiasVal,AIRBIASVAL,Float,1,R/W,100,,,,,,,,,,,
1,AirCv,AIRCV,Float,1,R/W,100,,,,,,,,,,,
2,AirDb,AIRDB,Float,1,R/W,100,,,,,,,,,,,
3,AirErrAlDb,AIRERRALDB,Float,1,R/W,100,,,,,,,,,,,
4,AirErrNegAlLim,AIRERRNEGALLIM,Float,1,R/W,100,,,,,,,,,,,
5,AirErrPosAlLim,AIRERRPOSALLIM,Float,1,R/W,100,,,,,,,,,,,
6,AirFlwTmpComp,AIRFLWTMPCOMP,Float,1,R/W,100,,,,,,,,,,,
7,AirHtrInTmp,AIRHTRINTMP,Float,1,R/W,100,,,,,,,,,,,
8,AirHtrInTmpMax,AIRHTRINTMPMAX,Float,1,R/W,100,,,,,,,,,,,
9,AirHtrInTmpMin,AIRHTRINTMPMIN,Float,1,R/W,100,,,,,,,,,,,
10,AirHtrInTmpPct,AIRHTRINTMPPCT,Float,1,R/W,100,,,,,,,,,,,
11,AirHtrInTmpRng,AIRHTRINTMPRNG,Float,1,R/W,100,,,,,,,,,,,
12,AirKc,AIRKC,Float,1,R/W,100,,,,,,,,,,,
13,AirKcFast,AIRKCFAST,Float,1,R/W,100,,,,,,,,,,,
14,AirMeasFlw,AIRMEASFLW,Float,1,R/W,100,,,,,,,,,,,
15,AirMeasFlwPct,AIRMEASFLWPCT,Float,1,R/W,100,,,,,,,,,,,
16,AirMeasTmp,AIRMEASTMP,Float,1,R/W,100,,,,,,,,,,,
17,AirOut,AIROUT,Float,1,R/W,100,,,,,,,,,,,
18,AirOutLtoffDual,AIROUTLTOFFDUAL,Float,1,R/W,100,,,,,,,,,,,
19,AirOutLtoffGas,AIROUTLTOFFGAS,Float,1,R/W,100,,,,,,,,,,,
20,AirOutLtoffOil,AIROUTLTOFFOIL,Float,1,R/W,100,,,,,,,,,,,
21,AirPv,AIRPV,Float,1,R/W,100,,,,,,,,,,,
22,AirPvAlDb,AIRPVALDB,Float,1,R/W,100,,,,,,,,,,,
23,AirPvHiAlLim,AIRPVHIALLIM,Float,1,R/W,100,,,,,,,,,,,
24,AirPvLoAlLim,AIRPVLOALLIM,Float,1,R/W,100,,,,,,,,,,,
25,AirPvMax,AIRPVMAX,Float,1,R/W,100,,,,,,,,,,,
26,AirPvMin,AIRPVMIN,Float,1,R/W,100,,,,,,,,,,,
27,AirPvPreFar,AIRPVPREFAR,Float,1,R/W,100,,,,,,,,,,,
28,AirPvPreTrim,AIRPVPRETRIM,Float,1,R/W,100,,,,,,,,,,,
29,AirPvRng,AIRPVRNG,Float,1,R/W,100,,,,,,,,,,,
30,AirPvSpDev,AIRPVSPDEV,Float,1,R/W,100,,,,,,,,,,,
31,AirRefTmp,AIRREFTMP,Float,1,R/W,100,,,,,,,,,,,
32,AirSp,AIRSP,Float,1,R/W,100,,,,,,,,,,,
33,AirSpare2,AIRSPARE2,Float,1,R/W,100,,,,,,,,,,,
34,AirSpareParm1,AIRSPAREPARM1,Float,1,R/W,100,,,,,,,,,,,
35,AirSpHiLim,AIRSPHILIM,Float,1,R/W,100,,,,,,,,,,,
36,AirSpLoLim,AIRSPLOLIM,Float,1,R/W,100,,,,,,,,,,,
37,AirTd,AIRTD,Float,1,R/W,100,,,,,,,,,,,
38,AirTdFast,AIRTDFAST,Float,1,R/W,100,,,,,,,,,,,
39,AirTi,AIRTI,Float,1,R/W,100,,,,,,,,,,,
40,AirTiFast,AIRTIFAST,Float,1,R/W,100,,,,,,,,,,,
41,AiSpare69,AISPARE69,Float,1,R/W,100,,,,,,,,,,,
42,AiSpare69Max,AISPARE69MAX,Float,1,R/W,100,,,,,,,,,,,
43,AiSpare69Min,AISPARE69MIN,Float,1,R/W,100,,,,,,,,,,,
44,AiSpare69Pct,AISPARE69PCT,Float,1,R/W,100,,,,,,,,,,,
45,AiSpare69Rng,AISPARE69RNG,Float,1,R/W,100,,,,,,,,,,,
46,AiSpare80Eu,AISPARE80EU,Float,1,R/W,100,,,,,,,,,,,
47,AiSpare80Max,AISPARE80MAX,Float,1,R/W,100,,,,,,,,,,,
48,AiSpare80Min,AISPARE80MIN,Float,1,R/W,100,,,,,,,,,,,
49,AiSpare80Pct,AISPARE80PCT,Float,1,R/W,100,,,,,,,,,,,
50,AiSpare80Rng,AISPARE80RNG,Float,1,R/W,100,,,,,,,,,,,
51,AoAphTcvPos,AOAPHTCVPOS,Float,1,R/W,100,,,,,,,,,,,
52,AoAphTcvPosSet,AOAPHTCVPOSSET,Float,1,R/W,100,,,,,,,,,,,
53,AoAphTcvPosSetDev,AOAPHTCVPOSSETDEV,Float,1,R/W,100,,,,,,,,,,,
54,AoAtmStmPcvPos,AOATMSTMPCVPOS,Float,1,R/W,100,,,,,,,,,,,
55,AoAtmStmPosSet,AOATMSTMPOSSET,Float,1,R/W,100,,,,,,,,,,,
56,AoAtmStmPosSetDev,AOATMSTMPOSSETDEV,Float,1,R/W,100,,,,,,,,,,,
57,AoBiasFcvPos,AOBIASFCVPOS,Float,1,R/W,100,,,,,,,,,,,
58,AoBiasFcvPosSet,AOBIASFCVPOSSET,Float,1,R/W,100,,,,,,,,,,,
59,AoBiasFcvPosSetDev,AOBIASFCVPOSSETDEV,Float,1,R/W,100,,,,,,,,,,,
60,AoDaStmPcvPos,AODASTMPCVPOS,Float,1,R/W,100,,,,,,,,,,,
61,AoDaStmPcvPosSet,AODASTMPCVPOSSET,Float,1,R/W,100,,,,,,,,,,,
62,AoDaStmPcvPosSetDev,AODASTMPCVPOSSETDEV,Float,1,R/W,100,,,,,,,,,,,
63,AoDaWtrLcv2Pos,AODAWTRLCV2POS,Float,1,R/W,100,,,,,,,,,,,
64,AoDaWtrLcv2PosSet,AODAWTRLCV2POSSET,Float,1,R/W,100,,,,,,,,,,,
65,AoDaWtrLcv2PosSetDev,AODAWTRLCV2POSSETDEV,Float,1,R/W,100,,,,,,,,,,,
66,AoDaWtrLcvPos,AODAWTRLCVPOS,Float,1,R/W,100,,,,,,,,,,,
67,AoDaWtrLcvPosSet,AODAWTRLCVPOSSET,Float,1,R/W,100,,,,,,,,,,,
68,AoDaWtrLcvPosSetDev,AODAWTRLCVPOSSETDEV,Float,1,R/W,100,,,,,,,,,,,
69,AoFddPos,AOFDDPOS,Float,1,R/W,100,,,,,,,,,,,
70,AoFddPosSet,AOFDDPOSSET,Float,1,R/W,100,,,,,,,,,,,
71,AoFddPosSetDev,AOFDDPOSSETDEV,Float,1,R/W,100,,,,,,,,,,,
72,AoFdfSpd,AOFDFSPD,Float,1,R/W,100,,,,,,,,,,,
73,AoFdfSpdSet,AOFDFSPDSET,Float,1,R/W,100,,,,,,,,,,,
74,AoFdfSpdSetDev,AOFDFSPDSETDEV,Float,1,R/W,100,,,,,,,,,,,
75,AoFdw1Spd,AOFDW1SPD,Float,1,R/W,100,,,,,,,,,,,
76,AoFdw1SpdSet,AOFDW1SPDSET,Float,1,R/W,100,,,,,,,,,,,
77,AoFdw1SpdSetDev,AOFDW1SPDSETDEV,Float,1,R/W,100,,,,,,,,,,,
78,AoFdw2Spd,AOFDW2SPD,Float,1,R/W,100,,,,,,,,,,,
79,AoFdw2SpdSet,AOFDW2SPDSET,Float,1,R/W,100,,,,,,,,,,,
80,AoFdw2SpdSetDev,AOFDW2SPDSETDEV,Float,1,R/W,100,,,,,,,,,,,
81,AoFdwFcvPos,AOFDWFCVPOS,Float,1,R/W,100,,,,,,,,,,,
82,AoFdwFcvPosSet,AOFDWFCVPOSSET,Float,1,R/W,100,,,,,,,,,,,
83,AoFdwFcvPosSetDev,AOFDWFCVPOSSETDEV,Float,1,R/W,100,,,,,,,,,,,
84,AoFgrdPos,AOFGRDPOS,Float,1,R/W,100,,,,,,,,,,,
85,AoFgrdPosSet,AOFGRDPOSSET,Float,1,R/W,100,,,,,,,,,,,
86,AoFgrdPosSetDev,AOFGRDPOSSETDEV,Float,1,R/W,100,,,,,,,,,,,
87,AoFgrfSpd,AOFGRFSPD,Float,1,R/W,100,,,,,,,,,,,
88,AoFgrfSpdSet,AOFGRFSPDSET,Float,1,R/W,100,,,,,,,,,,,
89,AoFgrfSpdSetDev,AOFGRFSPDSETDEV,Float,1,R/W,100,,,,,,,,,,,
90,AoGasFcvPos,AOGASFCVPOS,Float,1,R/W,100,,,,,,,,,,,
91,AoGasFcvPosSet,AOGASFCVPOSSET,Float,1,R/W,100,,,,,,,,,,,
92,AoGasFcvPosSetDev,AOGASFCVPOSSETDEV,Float,1,R/W,100,,,,,,,,,,,
93,AoIbdPos,AOIBDPOS,Float,1,R/W,100,,,,,,,,,,,
94,AoIbdPosSet,AOIBDPOSSET,Float,1,R/W,100,,,,,,,,,,,
95,AoIbdPosSetDev,AOIBDPOSSETDEV,Float,1,R/W,100,,,,,,,,,,,
96,AoIdfSpd,AOIDFSPD,Float,1,R/W,100,,,,,,,,,,,
97,AoIdfSpdSet,AOIDFSPDSET,Float,1,R/W,100,,,,,,,,,,,
98,AoIdfSpdSetDev,AOIDFSPDSETDEV,Float,1,R/W,100,,,,,,,,,,,
99,AoIvdPos,AOIVDPOS,Float,1,R/W,100,,,,,,,,,,,
100,AoIvdPosSet,AOIVDPOSSET,Float,1,R/W,100,,,,,,,,,,,
101,AoIvdPosSetDev,AOIVDPOSSETDEV,Float,1,R/W,100,,,,,,,,,,,
102,AoJckPos,AOJCKPOS,Float,1,R/W,100,,,,,,,,,,,
103,AoJckPosSet,AOJCKPOSSET,Float,1,R/W,100,,,,,,,,,,,
104,AoJckPosSetDev,AOJCKPOSSETDEV,Float,1,R/W,100,,,,,,,,,,,
105,AoMdPcvPos,AOMDPCVPOS,Float,1,R/W,100,,,,,,,,,,,
106,AoMdPcvPosSet,AOMDPCVPOSSET,Float,1,R/W,100,,,,,,,,,,,
107,AoMdPcvPosSetDev,AOMDPCVPOSSETDEV,Float,1,R/W,100,,,,,,,,,,,
108,AoOilFcvPos,AOOILFCVPOS,Float,1,R/W,100,,,,,,,,,,,
109,AoOilFcvPosSet,AOOILFCVPOSSET,Float,1,R/W,100,,,,,,,,,,,
110,AoOilFcvPosSetDev,AOOILFCVPOSSETDEV,Float,1,R/W,100,,,,,,,,,,,
111,AoOutDmpPos,AOOUTDMPPOS,Float,1,R/W,100,,,,,,,,,,,
112,AoOutDmpPosSet,AOOUTDMPPOSSET,Float,1,R/W,100,,,,,,,,,,,
113,AoOutDmpPosSetDev,AOOUTDMPPOSSETDEV,Float,1,R/W,100,,,,,,,,,,,
114,AoSpare17,AOSPARE17,Float,1,R/W,100,,,,,,,,,,,
115,AoSpare17PosSet,AOSPARE17POSSET,Float,1,R/W,100,,,,,,,,,,,
116,AoSpare17PosSetDev,AOSPARE17POSSETDEV,Float,1,R/W,100,,,,,,,,,,,
117,AoSpare26,AOSPARE26,Float,1,R/W,100,,,,,,,,,,,
118,AoSpare26PosSet,AOSPARE26POSSET,Float,1,R/W,100,,,,,,,,,,,
119,AoSpare26PosSetDev,AOSPARE26POSSETDEV,Float,1,R/W,100,,,,,,,,,,,
120,AoSpare27,AOSPARE27,Float,1,R/W,100,,,,,,,,,,,
121,AoSpare27PosSet,AOSPARE27POSSET,Float,1,R/W,100,,,,,,,,,,,
122,AoSpare27PosSetDev,AOSPARE27POSSETDEV,Float,1,R/W,100,,,,,,,,,,,
123,AoSpare28,AOSPARE28,Float,1,R/W,100,,,,,,,,,,,
124,AoSpare28PosSet,AOSPARE28POSSET,Float,1,R/W,100,,,,,,,,,,,
125,AoSpare28PosSetDev,AOSPARE28POSSETDEV,Float,1,R/W,100,,,,,,,,,,,
126,AoSpare29,AOSPARE29,Float,1,R/W,100,,,,,,,,,,,
127,AoSpare29PosSet,AOSPARE29POSSET,Float,1,R/W,100,,,,,,,,,,,
128,AoSpare29PosSetDev,AOSPARE29POSSETDEV,Float,1,R/W,100,,,,,,,,,,,
129,AoSpare30,AOSPARE30,Float,1,R/W,100,,,,,,,,,,,
130,AoSpare30PosSet,AOSPARE30POSSET,Float,1,R/W,100,,,,,,,,,,,
131,AoSpare30PosSetDev,AOSPARE30POSSETDEV,Float,1,R/W,100,,,,,,,,,,,
132,AoSpare31,AOSPARE31,Float,1,R/W,100,,,,,,,,,,,
133,AoSpare31PosSet,AOSPARE31POSSET,Float,1,R/W,100,,,,,,,,,,,
134,AoSpare31PosSetDev,AOSPARE31POSSETDEV,Float,1,R/W,100,,,,,,,,,,,
135,AoSpare32,AOSPARE32,Float,1,R/W,100,,,,,,,,,,,
136,AoSpare32PosSet,AOSPARE32POSSET,Float,1,R/W,100,,,,,,,,,,,
137,AoSpare32PosSetDev,AOSPARE32POSSETDEV,Float,1,R/W,100,,,,,,,,,,,
138,AoStmInjFcvPos,AOSTMINJFCVPOS,Float,1,R/W,100,,,,,,,,,,,
139,AoStmInjFcvPosSet,AOSTMINJFCVPOSSET,Float,1,R/W,100,,,,,,,,,,,
140,AoStmInjFcvPosSetDev,AOSTMINJFCVPOSSETDEV,Float,1,R/W,100,,,,,,,,,,,
141,AoStmTcvPos,AOSTMTCVPOS,Float,1,R/W,100,,,,,,,,,,,
142,AoStmTcvPosSet,AOSTMTCVPOSSET,Float,1,R/W,100,,,,,,,,,,,
143,AoStmTcvPosSetDev,AOSTMTCVPOSSETDEV,Float,1,R/W,100,,,,,,,,,,,
144,AoWbdPos,AOWBDPOS,Float,1,R/W,100,,,,,,,,,,,
145,AoWbdPosSet,AOWBDPOSSET,Float,1,R/W,100,,,,,,,,,,,
146,AoWbdPosSetDev,AOWBDPOSSETDEV,Float,1,R/W,100,,,,,,,,,,,
147,AphTcvPos,APHTCVPOS,Float,1,R/W,100,,,,,,,,,,,
148,AphTcvPosDev,APHTCVPOSDEV,Float,1,R/W,100,,,,,,,,,,,
149,AtmStmPcvPos,ATMSTMPCVPOS,Float,1,R/W,100,,,,,,,,,,,
150,AtmStmPcvPosDev,ATMSTMPCVPOSDEV,Float,1,R/W,100,,,,,,,,,,,
151,B7AirPrs,B7AIRPRS,Float,1,R/W,100,,,,,,,,,,,
152,B7AirPrsMax,B7AIRPRSMAX,Float,1,R/W,100,,,,,,,,,,,
153,B7AirPrsMin,B7AIRPRSMIN,Float,1,R/W,100,,,,,,,,,,,
154,B7AirPrsPct,B7AIRPRSPCT,Float,1,R/W,100,,,,,,,,,,,
155,B7AirPrsRng,B7AIRPRSRNG,Float,1,R/W,100,,,,,,,,,,,
156,B7ChemCond,B7CHEMCOND,Float,1,R/W,100,,,,,,,,,,,
157,B7ChemCondMax,B7CHEMCONDMAX,Float,1,R/W,100,,,,,,,,,,,
158,B7ChemCondMin,B7CHEMCONDMIN,Float,1,R/W,100,,,,,,,,,,,
159,B7ChemCondPct,B7CHEMCONDPCT,Float,1,R/W,100,,,,,,,,,,,
160,B7ChemCondRng,B7CHEMCONDRNG,Float,1,R/W,100,,,,,,,,,,,
161,B7CondRetFlw,B7CONDRETFLW,Float,1,R/W,100,,,,,,,,,,,
162,B7CondRetFlwMax,B7CONDRETFLWMAX,Float,1,R/W,100,,,,,,,,,,,
163,B7CondRetFlwMin,B7CONDRETFLWMIN,Float,1,R/W,100,,,,,,,,,,,
164,B7CondRetFlwPct,B7CONDRETFLWPCT,Float,1,R/W,100,,,,,,,,,,,
165,B7CondRetFlwRng,B7CONDRETFLWRNG,Float,1,R/W,100,,,,,,,,,,,
166,B7DeminFlw,B7DEMINFLW,Float,1,R/W,100,,,,,,,,,,,
167,B7DeminFlwMax,B7DEMINFLWMAX,Float,1,R/W,100,,,,,,,,,,,
168,B7DeminFlwMin,B7DEMINFLWMIN,Float,1,R/W,100,,,,,,,,,,,
169,B7DeminFlwPct,B7DEMINFLWPCT,Float,1,R/W,100,,,,,,,,,,,
170,B7DeminFlwRng,B7DEMINFLWRNG,Float,1,R/W,100,,,,,,,,,,,
171,B7WtrPrs,B7WTRPRS,Float,1,R/W,100,,,,,,,,,,,
172,B7WtrPrsMax,B7WTRPRSMAX,Float,1,R/W,100,,,,,,,,,,,
173,B7WtrPrsMin,B7WTRPRSMIN,Float,1,R/W,100,,,,,,,,,,,
174,B7WtrPrsPct,B7WTRPRSPCT,Float,1,R/W,100,,,,,,,,,,,
175,B7WtrPrsRng,B7WTRPRSRNG,Float,1,R/W,100,,,,,,,,,,,
176,BFWCondHiHiLim,BFWCONDHIHILIM,Float,1,R/W,100,,,,,,,,,,,
177,BFWCondHiLim,BFWCONDHILIM,Float,1,R/W,100,,,,,,,,,,,
178,BiasFcvPos,BIASFCVPOS,Float,1,R/W,100,,,,,,,,,,,
179,BiasFcvPosDev,BIASFCVPOSDEV,Float,1,R/W,100,,,,,,,,,,,
180,BiasFcvPosFb,BIASFCVPOSFB,Float,1,R/W,100,,,,,,,,,,,
181,BiasFcvPosFbMax,BIASFCVPOSFBMAX,Float,1,R/W,100,,,,,,,,,,,
182,BiasFcvPosFbMin,BIASFCVPOSFBMIN,Float,1,R/W,100,,,,,,,,,,,
183,BiasFcvPosFbPct,BIASFCVPOSFBPCT,Float,1,R/W,100,,,,,,,,,,,
184,BiasFcvPosFbRng,BIASFCVPOSFBRNG,Float,1,R/W,100,,,,,,,,,,,
185,BlrExPrs,BLREXPRS,Float,1,R/W,100,,,,,,,,,,,
186,BlrExPrsMax,BLREXPRSMAX,Float,1,R/W,100,,,,,,,,,,,
187,BlrExPrsMin,BLREXPRSMIN,Float,1,R/W,100,,,,,,,,,,,
188,BlrExPrsPct,BLREXPRSPCT,Float,1,R/W,100,,,,,,,,,,,
189,BlrExPrsRng,BLREXPRSRNG,Float,1,R/W,100,,,,,,,,,,,
190,BmsLastScan,BMSLASTSCAN,Float,1,R/W,100,,,,,,,,,,,
191,BmsMaxScan,BMSMAXSCAN,Float,1,R/W,100,,,,,,,,,,,
192,BrnRegDp,BRNREGDP,Float,1,R/W,100,,,,,,,,,,,
193,BrnRegDpMax,BRNREGDPMAX,Float,1,R/W,100,,,,,,,,,,,
194,BrnRegDpMin,BRNREGDPMIN,Float,1,R/W,100,,,,,,,,,,,
195,BrnRegDpPct,BRNREGDPPCT,Float,1,R/W,100,,,,,,,,,,,
196,BrnRegDpRng,BRNREGDPRNG,Float,1,R/W,100,,,,,,,,,,,
197,CabIntTmp,CABINTTMP,Float,1,R/W,100,,,,,,,,,,,
198,CabIntTmpMax,CABINTTMPMAX,Float,1,R/W,100,,,,,,,,,,,
199,CabIntTmpMin,CABINTTMPMIN,Float,1,R/W,100,,,,,,,,,,,
200,CabIntTmpPct,CABINTTMPPCT,Float,1,R/W,100,,,,,,,,,,,
201,CabIntTmpRng,CABINTTMPRNG,Float,1,R/W,100,,,,,,,,,,,
202,CbdFlw,CBDFLW,Float,1,R/W,100,,,,,,,,,,,
203,CbdFlwMax,CBDFLWMAX,Float,1,R/W,100,,,,,,,,,,,
204,CbdFlwMin,CBDFLWMIN,Float,1,R/W,100,,,,,,,,,,,
205,CbdFlwPct,CBDFLWPCT,Float,1,R/W,100,,,,,,,,,,,
206,CbdFlwRng,CBDFLWRNG,Float,1,R/W,100,,,,,,,,,,,
207,CombAirFlwA,COMBAIRFLWA,Float,1,R/W,100,,,,,,,,,,,
208,CombAirFlwAMax,COMBAIRFLWAMAX,Float,1,R/W,100,,,,,,,,,,,
209,CombAirFlwAMin,COMBAIRFLWAMIN,Float,1,R/W,100,,,,,,,,,,,
210,CombAirFlwAPct,COMBAIRFLWAPCT,Float,1,R/W,100,,,,,,,,,,,
211,CombAirFlwARng,COMBAIRFLWARNG,Float,1,R/W,100,,,,,,,,,,,
212,CombAirFlwB,COMBAIRFLWB,Float,1,R/W,100,,,,,,,,,,,
213,CombAirFlwBMax,COMBAIRFLWBMAX,Float,1,R/W,100,,,,,,,,,,,
214,CombAirFlwBMin,COMBAIRFLWBMIN,Float,1,R/W,100,,,,,,,,,,,
215,CombAirFlwBPct,COMBAIRFLWBPCT,Float,1,R/W,100,,,,,,,,,,,
216,CombAirFlwBRng,COMBAIRFLWBRNG,Float,1,R/W,100,,,,,,,,,,,
217,CombAirFlwDevEuLim,COMBAIRFLWDEVEULIM,Float,1,R/W,100,,,,,,,,,,,
218,CombAirFlwEuAvg,COMBAIRFLWEUAVG,Float,1,R/W,100,,,,,,,,,,,
219,CombAirFlwEuDev,COMBAIRFLWEUDEV,Float,1,R/W,100,,,,,,,,,,,
220,CombAirFlwPctAvg,COMBAIRFLWPCTAVG,Float,1,R/W,100,,,,,,,,,,,
221,CombAirInTmp,COMBAIRINTMP,Float,1,R/W,100,,,,,,,,,,,
222,CombAirInTmpMax,COMBAIRINTMPMAX,Float,1,R/W,100,,,,,,,,,,,
223,CombAirInTmpMin,COMBAIRINTMPMIN,Float,1,R/W,100,,,,,,,,,,,
224,CombAirInTmpPct,COMBAIRINTMPPCT,Float,1,R/W,100,,,,,,,,,,,
225,CombAirInTmpRng,COMBAIRINTMPRNG,Float,1,R/W,100,,,,,,,,,,,
226,CombAirPhTmp,COMBAIRPHTMP,Float,1,R/W,100,,,,,,,,,,,
227,CombAirPhTmpMax,COMBAIRPHTMPMAX,Float,1,R/W,100,,,,,,,,,,,
228,CombAirPhTmpMin,COMBAIRPHTMPMIN,Float,1,R/W,100,,,,,,,,,,,
229,CombAirPhTmpPct,COMBAIRPHTMPPCT,Float,1,R/W,100,,,,,,,,,,,
230,CombAirPhTmpRng,COMBAIRPHTMPRNG,Float,1,R/W,100,,,,,,,,,,,
231,CombAirPrs,COMBAIRPRS,Float,1,R/W,100,,,,,,,,,,,
232,CombAirPrsMax,COMBAIRPRSMAX,Float,1,R/W,100,,,,,,,,,,,
233,CombAirPrsMin,COMBAIRPRSMIN,Float,1,R/W,100,,,,,,,,,,,
234,CombAirPrsPct,COMBAIRPRSPCT,Float,1,R/W,100,,,,,,,,,,,
235,CombAirPrsRng,COMBAIRPRSRNG,Float,1,R/W,100,,,,,,,,,,,
236,DalCv,DALCV,Float,1,R/W,100,,,,,,,,,,,
237,DalDb,DALDB,Float,1,R/W,100,,,,,,,,,,,
238,DalErrAlDb,DALERRALDB,Float,1,R/W,100,,,,,,,,,,,
239,DalErrNegAlLim,DALERRNEGALLIM,Float,1,R/W,100,,,,,,,,,,,
240,DalErrPosAlLim,DALERRPOSALLIM,Float,1,R/W,100,,,,,,,,,,,
241,DalKc,DALKC,Float,1,R/W,100,,,,,,,,,,,
242,DalOut,DALOUT,Float,1,R/W,100,,,,,,,,,,,
243,DalPv,DALPV,Float,1,R/W,100,,,,,,,,,,,
244,DalPvAlDb,DALPVALDB,Float,1,R/W,100,,,,,,,,,,,
245,DalPvHiAlLim,DALPVHIALLIM,Float,1,R/W,100,,,,,,,,,,,
246,DalPvLoAlLim,DALPVLOALLIM,Float,1,R/W,100,,,,,,,,,,,
247,DalPvMax,DALPVMAX,Float,1,R/W,100,,,,,,,,,,,
248,DalPvMin,DALPVMIN,Float,1,R/W,100,,,,,,,,,,,
249,DalPvPct,DALPVPCT,Float,1,R/W,100,,,,,,,,,,,
250,DalPvRng,DALPVRNG,Float,1,R/W,100,,,,,,,,,,,
251,DalPvSpDev,DALPVSPDEV,Float,1,R/W,100,,,,,,,,,,,
252,DalSp,DALSP,Float,1,R/W,100,,,,,,,,,,,
253,DalSpare2,DALSPARE2,Float,1,R/W,100,,,,,,,,,,,
254,DalSpare3,DALSPARE3,Float,1,R/W,100,,,,,,,,,,,
255,DalSpare4,DALSPARE4,Float,1,R/W,100,,,,,,,,,,,
256,DalSpare5,DALSPARE5,Float,1,R/W,100,,,,,,,,,,,
257,DalSpareParm1,DALSPAREPARM1,Float,1,R/W,100,,,,,,,,,,,
258,DalSpareParm2,DALSPAREPARM2,Float,1,R/W,100,,,,,,,,,,,
259,DalSpHiLim,DALSPHILIM,Float,1,R/W,100,,,,,,,,,,,
260,DalSpLoLim,DALSPLOLIM,Float,1,R/W,100,,,,,,,,,,,
261,DalSpPct,DALSPPCT,Float,1,R/W,100,,,,,,,,,,,
262,DalTd,DALTD,Float,1,R/W,100,,,,,,,,,,,
263,DalTi,DALTI,Float,1,R/W,100,,,,,,,,,,,
264,DaLvl,DALVL,Float,1,R/W,100,,,,,,,,,,,
265,DaLvlMax,DALVLMAX,Float,1,R/W,100,,,,,,,,,,,
266,DaLvlMin,DALVLMIN,Float,1,R/W,100,,,,,,,,,,,
267,DaLvlPct,DALVLPCT,Float,1,R/W,100,,,,,,,,,,,
268,DaLvlRng,DALVLRNG,Float,1,R/W,100,,,,,,,,,,,
269,DapCv,DAPCV,Float,1,R/W,100,,,,,,,,,,,
270,DapDb,DAPDB,Float,1,R/W,100,,,,,,,,,,,
271,DapErrAlDb,DAPERRALDB,Float,1,R/W,100,,,,,,,,,,,
272,DapErrNegAlLim,DAPERRNEGALLIM,Float,1,R/W,100,,,,,,,,,,,
273,DapErrPosAlLim,DAPERRPOSALLIM,Float,1,R/W,100,,,,,,,,,,,
274,DapKc,DAPKC,Float,1,R/W,100,,,,,,,,,,,
275,DapOut,DAPOUT,Float,1,R/W,100,,,,,,,,,,,
276,DapPv,DAPPV,Float,1,R/W,100,,,,,,,,,,,
277,DapPvAlDb,DAPPVALDB,Float,1,R/W,100,,,,,,,,,,,
278,DapPvHiAlLim,DAPPVHIALLIM,Float,1,R/W,100,,,,,,,,,,,
279,DapPvLoAlLim,DAPPVLOALLIM,Float,1,R/W,100,,,,,,,,,,,
280,DapPvMax,DAPPVMAX,Float,1,R/W,100,,,,,,,,,,,
281,DapPvMin,DAPPVMIN,Float,1,R/W,100,,,,,,,,,,,
282,DapPvPct,DAPPVPCT,Float,1,R/W,100,,,,,,,,,,,
283,DapPvRng,DAPPVRNG,Float,1,R/W,100,,,,,,,,,,,
284,DapPvSpDev,DAPPVSPDEV,Float,1,R/W,100,,,,,,,,,,,
285,DaPrs,DAPRS,Float,1,R/W,100,,,,,,,,,,,
286,DaPrsMax,DAPRSMAX,Float,1,R/W,100,,,,,,,,,,,
287,DaPrsMin,DAPRSMIN,Float,1,R/W,100,,,,,,,,,,,
288,DaPrsPct,DAPRSPCT,Float,1,R/W,100,,,,,,,,,,,
289,DaPrsRng,DAPRSRNG,Float,1,R/W,100,,,,,,,,,,,
290,DapSp,DAPSP,Float,1,R/W,100,,,,,,,,,,,
291,DapSpare2,DAPSPARE2,Float,1,R/W,100,,,,,,,,,,,
292,DapSpare3,DAPSPARE3,Float,1,R/W,100,,,,,,,,,,,
293,DapSpare4,DAPSPARE4,Float,1,R/W,100,,,,,,,,,,,
294,DapSpare5,DAPSPARE5,Float,1,R/W,100,,,,,,,,,,,
295,DapSpareParm1,DAPSPAREPARM1,Float,1,R/W,100,,,,,,,,,,,
296,DapSpareParm2,DAPSPAREPARM2,Float,1,R/W,100,,,,,,,,,,,
297,DapSpHiLim,DAPSPHILIM,Float,1,R/W,100,,,,,,,,,,,
298,DapSpLoLim,DAPSPLOLIM,Float,1,R/W,100,,,,,,,,,,,
299,DapSpPct,DAPSPPCT,Float,1,R/W,100,,,,,,,,,,,
300,DapTd,DAPTD,Float,1,R/W,100,,,,,,,,,,,
301,DapTi,DAPTI,Float,1,R/W,100,,,,,,,,,,,
302,DaStmPcvPos,DASTMPCVPOS,Float,1,R/W,100,,,,,,,,,,,
303,DaStmPCVPosDev,DASTMPCVPOSDEV,Float,1,R/W,100,,,,,,,,,,,
304,DaWtrLcv2Pos,DAWTRLCV2POS,Float,1,R/W,100,,,,,,,,,,,
305,DaWtrLcv2PosDev,DAWTRLCV2POSDEV,Float,1,R/W,100,,,,,,,,,,,
306,DaWtrLcvPos,DAWTRLCVPOS,Float,1,R/W,100,,,,,,,,,,,
307,DaWtrLCVPosDev,DAWTRLCVPOSDEV,Float,1,R/W,100,,,,,,,,,,,
308,DaWtrLcvPosFb,DAWTRLCVPOSFB,Float,1,R/W,100,,,,,,,,,,,
309,DaWtrLcvPosFbMax,DAWTRLCVPOSFBMAX,Float,1,R/W,100,,,,,,,,,,,
310,DaWtrLcvPosFbMin,DAWTRLCVPOSFBMIN,Float,1,R/W,100,,,,,,,,,,,
311,DaWtrLcvPosFbPct,DAWTRLCVPOSFBPCT,Float,1,R/W,100,,,,,,,,,,,
312,DaWtrLcvPosFbRng,DAWTRLCVPOSFBRNG,Float,1,R/W,100,,,,,,,,,,,
313,DmdLoLimFarDevEn,DMDLOLIMFARDEVEN,Float,1,R/W,100,,,,,,,,,,,
314,Drm1Cv,DRM1CV,Float,1,R/W,100,,,,,,,,,,,
315,Drm1Db,DRM1DB,Float,1,R/W,100,,,,,,,,,,,
316,Drm1Kc,DRM1KC,Float,1,R/W,100,,,,,,,,,,,
317,Drm1Spare1,DRM1SPARE1,Float,1,R/W,100,,,,,,,,,,,
318,Drm1Spare2,DRM1SPARE2,Float,1,R/W,100,,,,,,,,,,,
319,Drm1Spare3,DRM1SPARE3,Float,1,R/W,100,,,,,,,,,,,
320,Drm1SpareParm1,DRM1SPAREPARM1,Float,1,R/W,100,,,,,,,,,,,
321,Drm1Td,DRM1TD,Float,1,R/W,100,,,,,,,,,,,
322,Drm1Ti,DRM1TI,Float,1,R/W,100,,,,,,,,,,,
323,DrmCv,DRMCV,Float,1,R/W,100,,,,,,,,,,,
324,DrmCVEu,DRMCVEU,Float,1,R/W,100,,,,,,,,,,,
325,DrmCvHiLimEu,DRMCVHILIMEU,Float,1,R/W,100,,,,,,,,,,,
326,DrmCvLoLimEu,DRMCVLOLIMEU,Float,1,R/W,100,,,,,,,,,,,
327,DrmDb,DRMDB,Float,1,R/W,100,,,,,,,,,,,
328,DrmErrAlDb,DRMERRALDB,Float,1,R/W,100,,,,,,,,,,,
329,DrmErrNegAlLim,DRMERRNEGALLIM,Float,1,R/W,100,,,,,,,,,,,
330,DrmErrPosAlLim,DRMERRPOSALLIM,Float,1,R/W,100,,,,,,,,,,,
331,DrmKc,DRMKC,Float,1,R/W,100,,,,,,,,,,,
332,DrmLvl1Dev,DRMLVL1DEV,Float,1,R/W,100,,,,,,,,,,,
333,DrmLvl2Dev,DRMLVL2DEV,Float,1,R/W,100,,,,,,,,,,,
334,DrmLvl3Dev,DRMLVL3DEV,Float,1,R/W,100,,,,,,,,,,,
335,DrmLvlA,DRMLVLA,Float,1,R/W,100,,,,,,,,,,,
336,DrmLvlAMax,DRMLVLAMAX,Float,1,R/W,100,,,,,,,,,,,
337,DrmLvlAMin,DRMLVLAMIN,Float,1,R/W,100,,,,,,,,,,,
338,DrmLvlAPct,DRMLVLAPCT,Float,1,R/W,100,,,,,,,,,,,
339,DrmLvlARng,DRMLVLARNG,Float,1,R/W,100,,,,,,,,,,,
340,DrmLvlB,DRMLVLB,Float,1,R/W,100,,,,,,,,,,,
341,DrmLvlBMax,DRMLVLBMAX,Float,1,R/W,100,,,,,,,,,,,
342,DrmLvlBMin,DRMLVLBMIN,Float,1,R/W,100,,,,,,,,,,,
343,DrmLvlBPct,DRMLVLBPCT,Float,1,R/W,100,,,,,,,,,,,
344,DrmLvlBRng,DRMLVLBRNG,Float,1,R/W,100,,,,,,,,,,,
345,DrmLvlComp1,DRMLVLCOMP1,Float,1,R/W,100,,,,,,,,,,,
346,DrmLvlComp2,DRMLVLCOMP2,Float,1,R/W,100,,,,,,,,,,,
347,DrmLvlComp3,DRMLVLCOMP3,Float,1,R/W,100,,,,,,,,,,,
348,DrmLvlDevEuLim,DRMLVLDEVEULIM,Float,1,R/W,100,,,,,,,,,,,
349,DrmLvlDevLim,DRMLVLDEVLIM,Float,1,R/W,100,,,,,,,,,,,
350,DrmLvlDp1,DRMLVLDP1,Float,1,R/W,100,,,,,,,,,,,
351,DrmLvlDp1Max,DRMLVLDP1MAX,Float,1,R/W,100,,,,,,,,,,,
352,DrmLvlDp1Min,DRMLVLDP1MIN,Float,1,R/W,100,,,,,,,,,,,
353,DrmLvlDp1Pct,DRMLVLDP1PCT,Float,1,R/W,100,,,,,,,,,,,
354,DrmLvlDp1Rng,DRMLVLDP1RNG,Float,1,R/W,100,,,,,,,,,,,
355,DrmLvlDp2,DRMLVLDP2,Float,1,R/W,100,,,,,,,,,,,
356,DrmLvlDp2Max,DRMLVLDP2MAX,Float,1,R/W,100,,,,,,,,,,,
357,DrmLvlDp2Min,DRMLVLDP2MIN,Float,1,R/W,100,,,,,,,,,,,
358,DrmLvlDp2Pct,DRMLVLDP2PCT,Float,1,R/W,100,,,,,,,,,,,
359,DrmLvlDp2Rng,DRMLVLDP2RNG,Float,1,R/W,100,,,,,,,,,,,
360,DrmLvlDp3,DRMLVLDP3,Float,1,R/W,100,,,,,,,,,,,
361,DrmLvlDp3Max,DRMLVLDP3MAX,Float,1,R/W,100,,,,,,,,,,,
362,DrmLvlDp3Min,DRMLVLDP3MIN,Float,1,R/W,100,,,,,,,,,,,
363,DrmLvlDp3Pct,DRMLVLDP3PCT,Float,1,R/W,100,,,,,,,,,,,
364,DrmLvlDp3Rng,DRMLVLDP3RNG,Float,1,R/W,100,,,,,,,,,,,
365,DrmLvlEuAvg,DRMLVLEUAVG,Float,1,R/W,100,,,,,,,,,,,
366,DrmLvlEuDev,DRMLVLEUDEV,Float,1,R/W,100,,,,,,,,,,,
367,DrmLvlFdwAutoStartLim,DRMLVLFDWAUTOSTARTLIM,Float,1,R/W,100,,,,,,,,,,,
368,DrmLvlHiTap,DRMLVLHITAP,Float,1,R/W,100,,,,,,,,,,,
369,DrmLvlLoTap,DRMLVLLOTAP,Float,1,R/W,100,,,,,,,,,,,
370,DrmLvlPctAvg,DRMLVLPCTAVG,Float,1,R/W,100,,,,,,,,,,,
371,DrmMinStm3El,DRMMINSTM3EL,Float,1,R/W,100,,,,,,,,,,,
372,DrmOut,DRMOUT,Float,1,R/W,100,,,,,,,,,,,
373,DrmPv,DRMPV,Float,1,R/W,100,,,,,,,,,,,
374,DrmPvAlDb,DRMPVALDB,Float,1,R/W,100,,,,,,,,,,,
375,DrmPvHiAlLim,DRMPVHIALLIM,Float,1,R/W,100,,,,,,,,,,,
376,DrmPvLoAlLim,DRMPVLOALLIM,Float,1,R/W,100,,,,,,,,,,,
377,DrmPvMax,DRMPVMAX,Float,1,R/W,100,,,,,,,,,,,
378,DrmPvMin,DRMPVMIN,Float,1,R/W,100,,,,,,,,,,,
379,DrmPvPct,DRMPVPCT,Float,1,R/W,100,,,,,,,,,,,
380,DrmPvRng,DRMPVRNG,Float,1,R/W,100,,,,,,,,,,,
381,DrmPvSpDev,DRMPVSPDEV,Float,1,R/W,100,,,,,,,,,,,
382,DrmSp,DRMSP,Float,1,R/W,100,,,,,,,,,,,
383,DrmSpareParm3,DRMSPAREPARM3,Float,1,R/W,100,,,,,,,,,,,
384,DrmSpHiLim,DRMSPHILIM,Float,1,R/W,100,,,,,,,,,,,
385,DrmSpLoLim,DRMSPLOLIM,Float,1,R/W,100,,,,,,,,,,,
386,DrmSpPct,DRMSPPCT,Float,1,R/W,100,,,,,,,,,,,
387,DrmStmFlwFf,DRMSTMFLWFF,Float,1,R/W,100,,,,,,,,,,,
388,DrmStmFlwFfGain,DRMSTMFLWFFGAIN,Float,1,R/W,100,,,,,,,,,,,
389,DrmTd,DRMTD,Float,1,R/W,100,,,,,,,,,,,
390,DrmTi,DRMTI,Float,1,R/W,100,,,,,,,,,,,
391,DrmWtrTmpAmb,DRMWTRTMPAMB,Float,1,R/W,100,,,,,,,,,,,
392,FarActual,FARACTUAL,Float,1,R/W,100,,,,,,,,,,,
393,FarCv,FARCV,Float,1,R/W,100,,,,,,,,,,,
394,FarDb,FARDB,Float,1,R/W,100,,,,,,,,,,,
395,FarDesired,FARDESIRED,Float,1,R/W,100,,,,,,,,,,,
396,FarDev,FARDEV,Float,1,R/W,100,,,,,,,,,,,
397,FarDevHiHiLim,FARDEVHIHILIM,Float,1,R/W,100,,,,,,,,,,,
398,FarDevHiLim,FARDEVHILIM,Float,1,R/W,100,,,,,,,,,,,
399,FarDevLoLim,FARDEVLOLIM,Float,1,R/W,100,,,,,,,,,,,
400,FarDevLoLoLim,FARDEVLOLOLIM,Float,1,R/W,100,,,,,,,,,,,
401,FarErrAlDb,FARERRALDB,Float,1,R/W,100,,,,,,,,,,,
402,FarErrNegAlLim,FARERRNEGALLIM,Float,1,R/W,100,,,,,,,,,,,
403,FarErrPosAlLim,FARERRPOSALLIM,Float,1,R/W,100,,,,,,,,,,,
404,FarKc,FARKC,Float,1,R/W,100,,,,,,,,,,,
405,FarOut,FAROUT,Float,1,R/W,100,,,,,,,,,,,
406,FarPv,FARPV,Float,1,R/W,100,,,,,,,,,,,
407,FarPvAlDb,FARPVALDB,Float,1,R/W,100,,,,,,,,,,,
408,FarPvHiAlLim,FARPVHIALLIM,Float,1,R/W,100,,,,,,,,,,,
409,FarPvLoAlLim,FARPVLOALLIM,Float,1,R/W,100,,,,,,,,,,,
410,FarPvMax,FARPVMAX,Float,1,R/W,100,,,,,,,,,,,
411,FarPvMin,FARPVMIN,Float,1,R/W,100,,,,,,,,,,,
412,FarPvPct,FARPVPCT,Float,1,R/W,100,,,,,,,,,,,
413,FarPvRng,FARPVRNG,Float,1,R/W,100,,,,,,,,,,,
414,FarPvSpDev,FARPVSPDEV,Float,1,R/W,100,,,,,,,,,,,
415,FarSp,FARSP,Float,1,R/W,100,,,,,,,,,,,
416,FarSpareParm1,FARSPAREPARM1,Float,1,R/W,100,,,,,,,,,,,
417,FarSpareParm2,FARSPAREPARM2,Float,1,R/W,100,,,,,,,,,,,
418,FarSpHiLim,FARSPHILIM,Float,1,R/W,100,,,,,,,,,,,
419,FarSpLoLim,FARSPLOLIM,Float,1,R/W,100,,,,,,,,,,,
420,FarSpPct,FARSPPCT,Float,1,R/W,100,,,,,,,,,,,
421,FarTd,FARTD,Float,1,R/W,100,,,,,,,,,,,
422,FarTi,FARTI,Float,1,R/W,100,,,,,,,,,,,
423,FarTrimFactor,FARTRIMFACTOR,Float,1,R/W,100,,,,,,,,,,,
424,FddPos,FDDPOS,Float,1,R/W,100,,,,,,,,,,,
425,FddPosDev,FDDPOSDEV,Float,1,R/W,100,,,,,,,,,,,
426,FddPosFb,FDDPOSFB,Float,1,R/W,100,,,,,,,,,,,
427,FddPosFbMax,FDDPOSFBMAX,Float,1,R/W,100,,,,,,,,,,,
428,FddPosFbMin,FDDPOSFBMIN,Float,1,R/W,100,,,,,,,,,,,
429,FddPosFbPct,FDDPOSFBPCT,Float,1,R/W,100,,,,,,,,,,,
430,FddPosFbRng,FDDPOSFBRNG,Float,1,R/W,100,,,,,,,,,,,
431,FdfSpd,FDFSPD,Float,1,R/W,100,,,,,,,,,,,
432,FdfSpdDev,FDFSPDDEV,Float,1,R/W,100,,,,,,,,,,,
433,FdfSpdFb,FDFSPDFB,Float,1,R/W,100,,,,,,,,,,,
434,FdfSpdFbMax,FDFSPDFBMAX,Float,1,R/W,100,,,,,,,,,,,
435,FdfSpdFbMin,FDFSPDFBMIN,Float,1,R/W,100,,,,,,,,,,,
436,FdfSpdFbPct,FDFSPDFBPCT,Float,1,R/W,100,,,,,,,,,,,
437,FdfSpdFbRng,FDFSPDFBRNG,Float,1,R/W,100,,,,,,,,,,,
438,FdfTmpA,FDFTMPA,Float,1,R/W,100,,,,,,,,,,,
439,FdfTmpAMax,FDFTMPAMAX,Float,1,R/W,100,,,,,,,,,,,
440,FdfTmpAMin,FDFTMPAMIN,Float,1,R/W,100,,,,,,,,,,,
441,FdfTmpAPct,FDFTMPAPCT,Float,1,R/W,100,,,,,,,,,,,
442,FdfTmpARng,FDFTMPARNG,Float,1,R/W,100,,,,,,,,,,,
443,FdfTmpB,FDFTMPB,Float,1,R/W,100,,,,,,,,,,,
444,FdfTmpBMax,FDFTMPBMAX,Float,1,R/W,100,,,,,,,,,,,
445,FdfTmpBMin,FDFTMPBMIN,Float,1,R/W,100,,,,,,,,,,,
446,FdfTmpBPct,FDFTMPBPCT,Float,1,R/W,100,,,,,,,,,,,
447,FdfTmpBRng,FDFTMPBRNG,Float,1,R/W,100,,,,,,,,,,,
448,FdfVibA,FDFVIBA,Float,1,R/W,100,,,,,,,,,,,
449,FdfVibAMax,FDFVIBAMAX,Float,1,R/W,100,,,,,,,,,,,
450,FdfVibAMin,FDFVIBAMIN,Float,1,R/W,100,,,,,,,,,,,
451,FdfVibAPct,FDFVIBAPCT,Float,1,R/W,100,,,,,,,,,,,
452,FdfVibARng,FDFVIBARNG,Float,1,R/W,100,,,,,,,,,,,
453,FdfVibB,FDFVIBB,Float,1,R/W,100,,,,,,,,,,,
454,FdfVibBMax,FDFVIBBMAX,Float,1,R/W,100,,,,,,,,,,,
455,FdfVibBMin,FDFVIBBMIN,Float,1,R/W,100,,,,,,,,,,,
456,FdfVibBPct,FDFVIBBPCT,Float,1,R/W,100,,,,,,,,,,,
457,FdfVibBRng,FDFVIBBRNG,Float,1,R/W,100,,,,,,,,,,,
458,Fdw1Spd,FDW1SPD,Float,1,R/W,100,,,,,,,,,,,
459,Fdw1SpdDev,FDW1SPDDEV,Float,1,R/W,100,,,,,,,,,,,
460,Fdw1SpdFb,FDW1SPDFB,Float,1,R/W,100,,,,,,,,,,,
461,Fdw1SpdFbMax,FDW1SPDFBMAX,Float,1,R/W,100,,,,,,,,,,,
462,Fdw1SpdFbMin,FDW1SPDFBMIN,Float,1,R/W,100,,,,,,,,,,,
463,Fdw1SpdFbPct,FDW1SPDFBPCT,Float,1,R/W,100,,,,,,,,,,,
464,Fdw1SpdFbRng,FDW1SPDFBRNG,Float,1,R/W,100,,,,,,,,,,,
465,Fdw1TmpA,,,,,,,,,,,,,,,,
466,Fdw1TmpAMax,,,,,,,,,,,,,,,,
467,Fdw1TmpAMin,,,,,,,,,,,,,,,,
468,Fdw1TmpAPct,,,,,,,,,,,,,,,,
469,Fdw1TmpARng,,,,,,,,,,,,,,,,
470,Fdw1TmpB,,,,,,,,,,,,,,,,
471,Fdw1TmpBMax,,,,,,,,,,,,,,,,
472,Fdw1TmpBMin,,,,,,,,,,,,,,,,
473,Fdw1TmpBPct,,,,,,,,,,,,,,,,
474,Fdw1TmpBRng,,,,,,,,,,,,,,,,
475,Fdw1VibA,,,,,,,,,,,,,,,,
476,Fdw1VibAMax,,,,,,,,,,,,,,,,
477,Fdw1VibAMin,,,,,,,,,,,,,,,,
478,Fdw1VibAPct,,,,,,,,,,,,,,,,
479,Fdw1VibARng,,,,,,,,,,,,,,,,
480,Fdw1VibB,,,,,,,,,,,,,,,,
481,Fdw1VibBMax,,,,,,,,,,,,,,,,
482,Fdw1VibBMin,,,,,,,,,,,,,,,,
483,Fdw1VibBPct,,,,,,,,,,,,,,,,
484,Fdw1VibBRng,,,,,,,,,,,,,,,,
485,Fdw2Spd,FDW2SPD,Float,1,R/W,100,,,,,,,,,,,
486,Fdw2SpdDev,FDW2SPDDEV,Float,1,R/W,100,,,,,,,,,,,
487,Fdw2SpdFb,FDW2SPDFB,Float,1,R/W,100,,,,,,,,,,,
488,Fdw2SpdFbMax,FDW2SPDFBMAX,Float,1,R/W,100,,,,,,,,,,,
489,Fdw2SpdFbMin,FDW2SPDFBMIN,Float,1,R/W,100,,,,,,,,,,,
490,Fdw2SpdFbPct,FDW2SPDFBPCT,Float,1,R/W,100,,,,,,,,,,,
491,Fdw2SpdFbRng,FDW2SPDFBRNG,Float,1,R/W,100,,,,,,,,,,,
492,Fdw2TmpA,FDW2TMPA,Float,1,R/W,100,,,,,,,,,,,
493,Fdw2TmpAMax,FDW2TMPAMAX,Float,1,R/W,100,,,,,,,,,,,
494,Fdw2TmpAMin,FDW2TMPAMIN,Float,1,R/W,100,,,,,,,,,,,
495,Fdw2TmpAPct,FDW2TMPAPCT,Float,1,R/W,100,,,,,,,,,,,
496,Fdw2TmpARng,FDW2TMPARNG,Float,1,R/W,100,,,,,,,,,,,
497,Fdw2TmpB,FDW2TMPB,Float,1,R/W,100,,,,,,,,,,,
498,Fdw2TmpBMax,FDW2TMPBMAX,Float,1,R/W,100,,,,,,,,,,,
499,Fdw2TmpBMin,FDW2TMPBMIN,Float,1,R/W,100,,,,,,,,,,,
500,Fdw2TmpBPct,FDW2TMPBPCT,Float,1,R/W,100,,,,,,,,,,,
501,Fdw2TmpBRng,FDW2TMPBRNG,Float,1,R/W,100,,,,,,,,,,,
502,Fdw2VibA,,,,,,,,,,,,,,,,
503,Fdw2VibAMax,,,,,,,,,,,,,,,,
504,Fdw2VibAMin,,,,,,,,,,,,,,,,
505,Fdw2VibAPct,,,,,,,,,,,,,,,,
506,Fdw2VibARng,,,,,,,,,,,,,,,,
507,Fdw2VibB,FDW2VIBB,Float,1,R/W,100,,,,,,,,,,,
508,Fdw2VibBMax,FDW2VIBBMAX,Float,1,R/W,100,,,,,,,,,,,
509,Fdw2VibBMin,FDW2VIBBMIN,Float,1,R/W,100,,,,,,,,,,,
510,Fdw2VibBPct,FDW2VIBBPCT,Float,1,R/W,100,,,,,,,,,,,
511,Fdw2VibBRng,FDW2VIBBRNG,Float,1,R/W,100,,,,,,,,,,,
512,FdwCv,FDWCV,Float,1,R/W,100,,,,,,,,,,,
513,FdwDb,FDWDB,Float,1,R/W,100,,,,,,,,,,,
514,FdwErrAlDb,FDWERRALDB,Float,1,R/W,100,,,,,,,,,,,
515,FdwErrNegAlLim,FDWERRNEGALLIM,Float,1,R/W,100,,,,,,,,,,,
516,FdwErrPosAlLim,FDWERRPOSALLIM,Float,1,R/W,100,,,,,,,,,,,
517,FdwFcvPos,FDWFCVPOS,Float,1,R/W,100,,,,,,,,,,,
518,FdwFcvPosDev,FDWFCVPOSDEV,Float,1,R/W,100,,,,,,,,,,,
519,FdwFcvPosFb,FDWFCVPOSFB,Float,1,R/W,100,,,,,,,,,,,
520,FdwFcvPosFbMax,FDWFCVPOSFBMAX,Float,1,R/W,100,,,,,,,,,,,
521,FdwFcvPosFbMin,FDWFCVPOSFBMIN,Float,1,R/W,100,,,,,,,,,,,
522,FdwFcvPosFbPct,FDWFCVPOSFBPCT,Float,1,R/W,100,,,,,,,,,,,
523,FdwFcvPosFbRng,FDWFCVPOSFBRNG,Float,1,R/W,100,,,,,,,,,,,
524,FdwFlw,FDWFLW,Float,1,R/W,100,,,,,,,,,,,
525,FdwFlwMax,FDWFLWMAX,Float,1,R/W,100,,,,,,,,,,,
526,FdwFlwMin,FDWFLWMIN,Float,1,R/W,100,,,,,,,,,,,
527,FdwFlwPct,FDWFLWPCT,Float,1,R/W,100,,,,,,,,,,,
528,FdwFlwRng,FDWFLWRNG,Float,1,R/W,100,,,,,,,,,,,
529,FdwFlwTtl,FDWFLWTTL,Float,1,R/W,100,,,,,,,,,,,
530,FdwKc,FDWKC,Float,1,R/W,100,,,,,,,,,,,
531,FdwPrs,FDWPRS,Float,1,R/W,100,,,,,,,,,,,
532,FdwPrsEconIn,FDWPRSECONIN,Float,1,R/W,100,,,,,,,,,,,
533,FdwPrsEconInMax,FDWPRSECONINMAX,Float,1,R/W,100,,,,,,,,,,,
534,FdwPrsEconInMin,FDWPRSECONINMIN,Float,1,R/W,100,,,,,,,,,,,
535,FdwPrsEconInPct,FDWPRSECONINPCT,Float,1,R/W,100,,,,,,,,,,,
536,FdwPrsEconInRng,FDWPRSECONINRNG,Float,1,R/W,100,,,,,,,,,,,
537,FdwPrsMax,FDWPRSMAX,Float,1,R/W,100,,,,,,,,,,,
538,FdwPrsMin,FDWPRSMIN,Float,1,R/W,100,,,,,,,,,,,
539,FdwPrsPct,FDWPRSPCT,Float,1,R/W,100,,,,,,,,,,,
540,FdwPrsRecirc,FDWPRSRECIRC,Float,1,R/W,100,,,,,,,,,,,
541,FdwPrsRecircMax,FDWPRSRECIRCMAX,Float,1,R/W,100,,,,,,,,,,,
542,FdwPrsRecircMin,FDWPRSRECIRCMIN,Float,1,R/W,100,,,,,,,,,,,
543,FdwPrsRecircPct,FDWPRSRECIRCPCT,Float,1,R/W,100,,,,,,,,,,,
544,FdwPrsRecircRng,FDWPRSRECIRCRNG,Float,1,R/W,100,,,,,,,,,,,
545,FdwPrsRng,FDWPRSRNG,Float,1,R/W,100,,,,,,,,,,,
546,FdwPv,FDWPV,Float,1,R/W,100,,,,,,,,,,,
547,FdwPvAlDb,FDWPVALDB,Float,1,R/W,100,,,,,,,,,,,
548,FdwPvHiAlLim,FDWPVHIALLIM,Float,1,R/W,100,,,,,,,,,,,
549,FdwPvLoAlLim,FDWPVLOALLIM,Float,1,R/W,100,,,,,,,,,,,
550,FdwPvMax,FDWPVMAX,Float,1,R/W,100,,,,,,,,,,,
551,FdwPvMin,FDWPVMIN,Float,1,R/W,100,,,,,,,,,,,
552,FdwPvPct,FDWPVPCT,Float,1,R/W,100,,,,,,,,,,,
553,FdwPvRng,FDWPVRNG,Float,1,R/W,100,,,,,,,,,,,
554,FdwPvSpDev,FDWPVSPDEV,Float,1,R/W,100,,,,,,,,,,,
555,FdwSp,FDWSP,Float,1,R/W,100,,,,,,,,,,,
556,FdwSpareParm1,FDWSPAREPARM1,Float,1,R/W,100,,,,,,,,,,,
557,FdwSpHiLim,FDWSPHILIM,Float,1,R/W,100,,,,,,,,,,,
558,FdwSpLoLim,FDWSPLOLIM,Float,1,R/W,100,,,,,,,,,,,
559,FdwSpPct,FDWSPPCT,Float,1,R/W,100,,,,,,,,,,,
560,FdwTd,FDWTD,Float,1,R/W,100,,,,,,,,,,,
561,FdwTi,FDWTI,Float,1,R/W,100,,,,,,,,,,,
562,FdwTmpEconIn,FDWTMPECONIN,Float,1,R/W,100,,,,,,,,,,,
563,FdwTmpEconInMax,FDWTMPECONINMAX,Float,1,R/W,100,,,,,,,,,,,
564,FdwTmpEconInMin,FDWTMPECONINMIN,Float,1,R/W,100,,,,,,,,,,,
565,FdwTmpEconInPct,FDWTMPECONINPCT,Float,1,R/W,100,,,,,,,,,,,
566,FdwTmpEconInRng,FDWTMPECONINRNG,Float,1,R/W,100,,,,,,,,,,,
567,FdwTmpEconOut,FDWTMPECONOUT,Float,1,R/W,100,,,,,,,,,,,
568,FdwTmpEconOutMax,FDWTMPECONOUTMAX,Float,1,R/W,100,,,,,,,,,,,
569,FdwTmpEconOutMin,FDWTMPECONOUTMIN,Float,1,R/W,100,,,,,,,,,,,
570,FdwTmpEconOutPct,FDWTMPECONOUTPCT,Float,1,R/W,100,,,,,,,,,,,
571,FdwTmpEconOutRng,FDWTMPECONOUTRNG,Float,1,R/W,100,,,,,,,,,,,
572,FgBlrOutTmp,FGBLROUTTMP,Float,1,R/W,100,,,,,,,,,,,
573,FgBlrOutTmpMax,FGBLROUTTMPMAX,Float,1,R/W,100,,,,,,,,,,,
574,FgBlrOutTmpMin,FGBLROUTTMPMIN,Float,1,R/W,100,,,,,,,,,,,
575,FgBlrOutTmpPct,FGBLROUTTMPPCT,Float,1,R/W,100,,,,,,,,,,,
576,FgBlrOutTmpRng,FGBLROUTTMPRNG,Float,1,R/W,100,,,,,,,,,,,
577,FgOx,FGOX,Float,1,R/W,100,,,,,,,,,,,
578,FgOxMax,FGOXMAX,Float,1,R/W,100,,,,,,,,,,,
579,FgOxMin,FGOXMIN,Float,1,R/W,100,,,,,,,,,,,
580,FgOxPct,FGOXPCT,Float,1,R/W,100,,,,,,,,,,,
581,FgOxRng,FGOXRNG,Float,1,R/W,100,,,,,,,,,,,
582,FgrdPos,FGRDPOS,Float,1,R/W,100,,,,,,,,,,,
583,FgrdPosDev,FGRDPOSDEV,Float,1,R/W,100,,,,,,,,,,,
584,FgrdPosGas,FGRDPOSGAS,Float,1,R/W,100,,,,,,,,,,,
585,FgrdPosLtoffGas,FGRDPOSLTOFFGAS,Float,1,R/W,100,,,,,,,,,,,
586,FgrdPosLtoffOil,FGRDPOSLTOFFOIL,Float,1,R/W,100,,,,,,,,,,,
587,FgrdPosOil,FGRDPOSOIL,Float,1,R/W,100,,,,,,,,,,,
588,FgrfSpd,FGRFSPD,Float,1,R/W,100,,,,,,,,,,,
589,FgrfSpdDev,FGRFSPDDEV,Float,1,R/W,100,,,,,,,,,,,
590,FgTmpEconIn,FGTMPECONIN,Float,1,R/W,100,,,,,,,,,,,
591,FgTmpEconInMax,FGTMPECONINMAX,Float,1,R/W,100,,,,,,,,,,,
592,FgTmpEconInMin,FGTMPECONINMIN,Float,1,R/W,100,,,,,,,,,,,
593,FgTmpEconInPct,FGTMPECONINPCT,Float,1,R/W,100,,,,,,,,,,,
594,FgTmpEconInRng,FGTMPECONINRNG,Float,1,R/W,100,,,,,,,,,,,
595,FgTmpEconOut,FGTMPECONOUT,Float,1,R/W,100,,,,,,,,,,,
596,FgTmpEconOutMax,FGTMPECONOUTMAX,Float,1,R/W,100,,,,,,,,,,,
597,FgTmpEconOutMin,FGTMPECONOUTMIN,Float,1,R/W,100,,,,,,,,,,,
598,FgTmpEconOutPct,FGTMPECONOUTPCT,Float,1,R/W,100,,,,,,,,,,,
599,FgTmpEconOutRng,FGTMPECONOUTRNG,Float,1,R/W,100,,,,,,,,,,,
600,FlueGasFlw,FLUEGASFLW,Float,1,R/W,100,,,,,,,,,,,
601,FlueGasFlwMax,FLUEGASFLWMAX,Float,1,R/W,100,,,,,,,,,,,
602,FlueGasFlwMin,FLUEGASFLWMIN,Float,1,R/W,100,,,,,,,,,,,
603,FlueGasFlwPct,FLUEGASFLWPCT,Float,1,R/W,100,,,,,,,,,,,
604,FlueGasFlwRng,FLUEGASFLWRNG,Float,1,R/W,100,,,,,,,,,,,
605,FnlElDevHiHiLim,FNLELDEVHIHILIM,Float,1,R/W,100,,,,,,,,,,,
606,FnlElDevHiLim,FNLELDEVHILIM,Float,1,R/W,100,,,,,,,,,,,
607,FnlElDevLoLim,FNLELDEVLOLIM,Float,1,R/W,100,,,,,,,,,,,
608,FnlElDevLoLoLim,FNLELDEVLOLOLIM,Float,1,R/W,100,,,,,,,,,,,
609,FrnCv,FRNCV,Float,1,R/W,100,,,,,,,,,,,
610,FrnDb,FRNDB,Float,1,R/W,100,,,,,,,,,,,
611,FrnErrAlDb,FRNERRALDB,Float,1,R/W,100,,,,,,,,,,,
612,FrnErrNegAlLim,FRNERRNEGALLIM,Float,1,R/W,100,,,,,,,,,,,
613,FrnErrPosAlLim,FRNERRPOSALLIM,Float,1,R/W,100,,,,,,,,,,,
614,FrnKc,FRNKC,Float,1,R/W,100,,,,,,,,,,,
615,FrnOut,FRNOUT,Float,1,R/W,100,,,,,,,,,,,
616,FrnOutLtoffGas,FRNOUTLTOFFGAS,Float,1,R/W,100,,,,,,,,,,,
617,FrnOutLtoffOil,FRNOUTLTOFFOIL,Float,1,R/W,100,,,,,,,,,,,
618,FrnOutPurge,FRNOUTPURGE,Float,1,R/W,100,,,,,,,,,,,
619,FrnPrs,FRNPRS,Float,1,R/W,100,,,,,,,,,,,
620,FrnPrsMax,FRNPRSMAX,Float,1,R/W,100,,,,,,,,,,,
621,FrnPrsMin,FRNPRSMIN,Float,1,R/W,100,,,,,,,,,,,
622,FrnPrsPct,FRNPRSPCT,Float,1,R/W,100,,,,,,,,,,,
623,FrnPrsRng,FRNPRSRNG,Float,1,R/W,100,,,,,,,,,,,
624,FrnPv,FRNPV,Float,1,R/W,100,,,,,,,,,,,
625,FrnPvAlDb,FRNPVALDB,Float,1,R/W,100,,,,,,,,,,,
626,FrnPvHiAlLim,FRNPVHIALLIM,Float,1,R/W,100,,,,,,,,,,,
627,FrnPvLoAlLim,FRNPVLOALLIM,Float,1,R/W,100,,,,,,,,,,,
628,FrnPvMax,FRNPVMAX,Float,1,R/W,100,,,,,,,,,,,
629,FrnPvMin,FRNPVMIN,Float,1,R/W,100,,,,,,,,,,,
630,FrnPvPct,FRNPVPCT,Float,1,R/W,100,,,,,,,,,,,
631,FrnPvRng,FRNPVRNG,Float,1,R/W,100,,,,,,,,,,,
632,FrnPvSpDev,FRNPVSPDEV,Float,1,R/W,100,,,,,,,,,,,
633,FrnSp,FRNSP,Float,1,R/W,100,,,,,,,,,,,
634,FrnSpGas,FRNSPGAS,Float,1,R/W,100,,,,,,,,,,,
635,FrnSpHiLim,FRNSPHILIM,Float,1,R/W,100,,,,,,,,,,,
636,FrnSpLoLim,FRNSPLOLIM,Float,1,R/W,100,,,,,,,,,,,
637,FrnSpOil,FRNSPOIL,Float,1,R/W,100,,,,,,,,,,,
638,FrnSpPct,FRNSPPCT,Float,1,R/W,100,,,,,,,,,,,
639,FrnTd,FRNTD,Float,1,R/W,100,,,,,,,,,,,
640,FrnTi,FRNTI,Float,1,R/W,100,,,,,,,,,,,
641,FrnTrm,FRNTRM,Float,1,R/W,100,,,,,,,,,,,
642,FxedEntry,FXEDENTRY,Float,1,R/W,100,,,,,,,,,,,
643,FxedEntryX00,FXEDENTRYX00,Float,1,R/W,100,,,,,,,,,,,
644,FxedEntryX01,FXEDENTRYX01,Float,1,R/W,100,,,,,,,,,,,
645,FxedEntryX02,FXEDENTRYX02,Float,1,R/W,100,,,,,,,,,,,
646,FxedEntryX03,FXEDENTRYX03,Float,1,R/W,100,,,,,,,,,,,
647,FxedEntryX04,FXEDENTRYX04,Float,1,R/W,100,,,,,,,,,,,
648,FxedEntryX05,FXEDENTRYX05,Float,1,R/W,100,,,,,,,,,,,
649,FxedEntryX06,FXEDENTRYX06,Float,1,R/W,100,,,,,,,,,,,
650,FxedEntryX07,FXEDENTRYX07,Float,1,R/W,100,,,,,,,,,,,
651,FxedEntryX08,FXEDENTRYX08,Float,1,R/W,100,,,,,,,,,,,
652,FxedEntryX09,FXEDENTRYX09,Float,1,R/W,100,,,,,,,,,,,
653,FxedEntryX10,FXEDENTRYX10,Float,1,R/W,100,,,,,,,,,,,
654,FxedEntryX11,FXEDENTRYX11,Float,1,R/W,100,,,,,,,,,,,
655,FxedEntryX12,FXEDENTRYX12,Float,1,R/W,100,,,,,,,,,,,
656,FxedEntryX13,FXEDENTRYX13,Float,1,R/W,100,,,,,,,,,,,
657,FxedEntryX14,FXEDENTRYX14,Float,1,R/W,100,,,,,,,,,,,
658,FxedEntryX15,FXEDENTRYX15,Float,1,R/W,100,,,,,,,,,,,
659,FxedEntryY00,FXEDENTRYY00,Float,1,R/W,100,,,,,,,,,,,
660,FxedEntryY01,FXEDENTRYY01,Float,1,R/W,100,,,,,,,,,,,
661,FxedEntryY02,FXEDENTRYY02,Float,1,R/W,100,,,,,,,,,,,
662,FxedEntryY03,FXEDENTRYY03,Float,1,R/W,100,,,,,,,,,,,
663,FxedEntryY04,FXEDENTRYY04,Float,1,R/W,100,,,,,,,,,,,
664,FxedEntryY05,FXEDENTRYY05,Float,1,R/W,100,,,,,,,,,,,
665,FxedEntryY06,FXEDENTRYY06,Float,1,R/W,100,,,,,,,,,,,
666,FxedEntryY07,FXEDENTRYY07,Float,1,R/W,100,,,,,,,,,,,
667,FxedEntryY08,FXEDENTRYY08,Float,1,R/W,100,,,,,,,,,,,
668,FxedEntryY09,FXEDENTRYY09,Float,1,R/W,100,,,,,,,,,,,
669,FxedEntryY10,FXEDENTRYY10,Float,1,R/W,100,,,,,,,,,,,
670,FxedEntryY11,FXEDENTRYY11,Float,1,R/W,100,,,,,,,,,,,
671,FxedEntryY12,FXEDENTRYY12,Float,1,R/W,100,,,,,,,,,,,
672,FxedEntryY13,FXEDENTRYY13,Float,1,R/W,100,,,,,,,,,,,
673,FxedEntryY14,FXEDENTRYY14,Float,1,R/W,100,,,,,,,,,,,
674,FxedEntryY15,FXEDENTRYY15,Float,1,R/W,100,,,,,,,,,,,
675,FxX00,FXX00,Float,1,R/W,100,,,,,,,,,,,
676,FxX01,FXX01,Float,1,R/W,100,,,,,,,,,,,
677,FxX02,FXX02,Float,1,R/W,100,,,,,,,,,,,
678,FxX03,FXX03,Float,1,R/W,100,,,,,,,,,,,
679,FxX04,FXX04,Float,1,R/W,100,,,,,,,,,,,
680,FxX05,FXX05,Float,1,R/W,100,,,,,,,,,,,
681,FxX06,FXX06,Float,1,R/W,100,,,,,,,,,,,
682,FxX07,FXX07,Float,1,R/W,100,,,,,,,,,,,
683,FxX08,FXX08,Float,1,R/W,100,,,,,,,,,,,
684,FxX09,FXX09,Float,1,R/W,100,,,,,,,,,,,
685,FxX10,FXX10,Float,1,R/W,100,,,,,,,,,,,
686,FxX11,FXX11,Float,1,R/W,100,,,,,,,,,,,
687,FxX12,FXX12,Float,1,R/W,100,,,,,,,,,,,
688,FxX13,FXX13,Float,1,R/W,100,,,,,,,,,,,
689,FxX14,FXX14,Float,1,R/W,100,,,,,,,,,,,
690,FxX15,FXX15,Float,1,R/W,100,,,,,,,,,,,
691,FxY00,FXY00,Float,1,R/W,100,,,,,,,,,,,
692,FxY01,FXY01,Float,1,R/W,100,,,,,,,,,,,
693,FxY02,FXY02,Float,1,R/W,100,,,,,,,,,,,
694,FxY03,FXY03,Float,1,R/W,100,,,,,,,,,,,
695,FxY04,FXY04,Float,1,R/W,100,,,,,,,,,,,
696,FxY05,FXY05,Float,1,R/W,100,,,,,,,,,,,
697,FxY06,FXY06,Float,1,R/W,100,,,,,,,,,,,
698,FxY07,FXY07,Float,1,R/W,100,,,,,,,,,,,
699,FxY08,FXY08,Float,1,R/W,100,,,,,,,,,,,
700,FxY09,FXY09,Float,1,R/W,100,,,,,,,,,,,
701,FxY10,FXY10,Float,1,R/W,100,,,,,,,,,,,
702,FxY11,FXY11,Float,1,R/W,100,,,,,,,,,,,
703,FxY12,FXY12,Float,1,R/W,100,,,,,,,,,,,
704,FxY13,FXY13,Float,1,R/W,100,,,,,,,,,,,
705,FxY14,FXY14,Float,1,R/W,100,,,,,,,,,,,
706,FxY15,FXY15,Float,1,R/W,100,,,,,,,,,,,
707,GasCv,GASCV,Float,1,R/W,100,,,,,,,,,,,
708,GasDb,GASDB,Float,1,R/W,100,,,,,,,,,,,
709,GasErrAlDb,GASERRALDB,Float,1,R/W,100,,,,,,,,,,,
710,GasErrNegAlLim,GASERRNEGALLIM,Float,1,R/W,100,,,,,,,,,,,
711,GasErrPosAlLim,GASERRPOSALLIM,Float,1,R/W,100,,,,,,,,,,,
712,GasFcvPos,GASFCVPOS,Float,1,R/W,100,,,,,,,,,,,
713,GasFcvPosDev,GASFCVPOSDEV,Float,1,R/W,100,,,,,,,,,,,
714,GasFcvPosFb,GASFCVPOSFB,Float,1,R/W,100,,,,,,,,,,,
715,GasFcvPosFbMax,GASFCVPOSFBMAX,Float,1,R/W,100,,,,,,,,,,,
716,GasFcvPosFbMin,GASFCVPOSFBMIN,Float,1,R/W,100,,,,,,,,,,,
717,GasFcvPosFbPct,GASFCVPOSFBPCT,Float,1,R/W,100,,,,,,,,,,,
718,GasFcvPosFbRng,GASFCVPOSFBRNG,Float,1,R/W,100,,,,,,,,,,,
719,GasFlw,GASFLW,Float,1,R/W,100,,,,,,,,,,,
720,GasFlwDp,GASFLWDP,Float,1,R/W,100,,,,,,,,,,,
721,GasFlwDpMax,GASFLWDPMAX,Float,1,R/W,100,,,,,,,,,,,
722,GasFlwDpMin,GASFLWDPMIN,Float,1,R/W,100,,,,,,,,,,,
723,GasFlwDpPct,GASFLWDPPCT,Float,1,R/W,100,,,,,,,,,,,
724,GasFlwDpRng,GASFLWDPRNG,Float,1,R/W,100,,,,,,,,,,,
725,GasFlwMax,GASFLWMAX,Float,1,R/W,100,,,,,,,,,,,
726,GasFlwMin,GASFLWMIN,Float,1,R/W,100,,,,,,,,,,,
727,GasFlwPct,GASFLWPCT,Float,1,R/W,100,,,,,,,,,,,
728,GasFlwPrsComp,GASFLWPRSCOMP,Float,1,R/W,100,,,,,,,,,,,
729,GasFlwRng,GASFLWRNG,Float,1,R/W,100,,,,,,,,,,,
730,GasFlwTmpComp,GASFLWTMPCOMP,Float,1,R/W,100,,,,,,,,,,,
731,GasFlwTtl,GASFLWTTL,Float,1,R/W,100,,,,,,,,,,,
732,GasKc,GASKC,Float,1,R/W,100,,,,,,,,,,,
733,GasKcFast,GASKCFAST,Float,1,R/W,100,,,,,,,,,,,
734,GasMaxFcvPos,GASMAXFCVPOS,Float,1,R/W,100,,,,,,,,,,,
735,GasMeasFlw,GASMEASFLW,Float,1,R/W,100,,,,,,,,,,,
736,GasMeasFlwPct,GASMEASFLWPCT,Float,1,R/W,100,,,,,,,,,,,
737,GasMeasPrs,GASMEASPRS,Float,1,R/W,100,,,,,,,,,,,
738,GasMeasTmp,GASMEASTMP,Float,1,R/W,100,,,,,,,,,,,
739,GasOut,GASOUT,Float,1,R/W,100,,,,,,,,,,,
740,GasOutLtoff,GASOUTLTOFF,Float,1,R/W,100,,,,,,,,,,,
741,GasPrs,GASPRS,Float,1,R/W,100,,,,,,,,,,,
742,GasPrsMax,GASPRSMAX,Float,1,R/W,100,,,,,,,,,,,
743,GasPrsMin,GASPRSMIN,Float,1,R/W,100,,,,,,,,,,,
744,GasPrsPct,GASPRSPCT,Float,1,R/W,100,,,,,,,,,,,
745,GasPrsRng,GASPRSRNG,Float,1,R/W,100,,,,,,,,,,,
746,GasPv,GASPV,Float,1,R/W,100,,,,,,,,,,,
747,GasPvAlDb,GASPVALDB,Float,1,R/W,100,,,,,,,,,,,
748,GasPvGain,GASPVGAIN,Float,1,R/W,100,,,,,,,,,,,
749,GasPvHiAlLim,GASPVHIALLIM,Float,1,R/W,100,,,,,,,,,,,
750,GasPvLoAlLim,GASPVLOALLIM,Float,1,R/W,100,,,,,,,,,,,
751,GasPvMax,GASPVMAX,Float,1,R/W,100,,,,,,,,,,,
752,GasPvMin,GASPVMIN,Float,1,R/W,100,,,,,,,,,,,
753,GasPvPreFar,GASPVPREFAR,Float,1,R/W,100,,,,,,,,,,,
754,GasPvRng,GASPVRNG,Float,1,R/W,100,,,,,,,,,,,
755,GasPvSpDev,GASPVSPDEV,Float,1,R/W,100,,,,,,,,,,,
756,GasRefPrs,GASREFPRS,Float,1,R/W,100,,,,,,,,,,,
757,GasRefTmp,GASREFTMP,Float,1,R/W,100,,,,,,,,,,,
758,GasSp,GASSP,Float,1,R/W,100,,,,,,,,,,,
759,GasSpare2,GASSPARE2,Float,1,R/W,100,,,,,,,,,,,
760,GasSpareParm1,GASSPAREPARM1,Float,1,R/W,100,,,,,,,,,,,
761,GasSpareParm2,GASSPAREPARM2,Float,1,R/W,100,,,,,,,,,,,
762,GasSpHiLim,GASSPHILIM,Float,1,R/W,100,,,,,,,,,,,
763,GasSpLoLim,GASSPLOLIM,Float,1,R/W,100,,,,,,,,,,,
764,GasTd,GASTD,Float,1,R/W,100,,,,,,,,,,,
765,GasTdFast,GASTDFAST,Float,1,R/W,100,,,,,,,,,,,
766,GasTi,GASTI,Float,1,R/W,100,,,,,,,,,,,
767,GasTiFast,GASTIFAST,Float,1,R/W,100,,,,,,,,,,,
768,GasTmp,GASTMP,Float,1,R/W,100,,,,,,,,,,,
769,GasTmpMax,GASTMPMAX,Float,1,R/W,100,,,,,,,,,,,
770,GasTmpMin,GASTMPMIN,Float,1,R/W,100,,,,,,,,,,,
771,GasTmpPct,GASTMPPCT,Float,1,R/W,100,,,,,,,,,,,
772,GasTmpRng,GASTMPRNG,Float,1,R/W,100,,,,,,,,,,,
773,HdrAirPrsHiLim,HDRAIRPRSHILIM,Float,1,R/W,100,,,,,,,,,,,
774,HdrAirPrsLoLim,HDRAIRPRSLOLIM,Float,1,R/W,100,,,,,,,,,,,
775,HdrGasPrs,HDRGASPRS,Float,1,R/W,100,,,,,,,,,,,
776,HdrGasPrsMax,HDRGASPRSMAX,Float,1,R/W,100,,,,,,,,,,,
777,HdrGasPrsMin,HDRGASPRSMIN,Float,1,R/W,100,,,,,,,,,,,
778,HdrGasPrsPct,HDRGASPRSPCT,Float,1,R/W,100,,,,,,,,,,,
779,HdrGasPrsRng,HDRGASPRSRNG,Float,1,R/W,100,,,,,,,,,,,
780,IbdPos,IBDPOS,Float,1,R/W,100,,,,,,,,,,,
781,IbdPosDev,IBDPOSDEV,Float,1,R/W,100,,,,,,,,,,,
782,IbdPosFb,IBDPOSFB,Float,1,R/W,100,,,,,,,,,,,
783,IbdPosFbMax,IBDPOSFBMAX,Float,1,R/W,100,,,,,,,,,,,
784,IbdPosFbMin,IBDPOSFBMIN,Float,1,R/W,100,,,,,,,,,,,
785,IbdPosFbPct,IBDPOSFBPCT,Float,1,R/W,100,,,,,,,,,,,
786,IbdPosFbRng,IBDPOSFBRNG,Float,1,R/W,100,,,,,,,,,,,
787,IbdPosGas,IBDPOSGAS,Float,1,R/W,100,,,,,,,,,,,
788,IbdPosLtoffDual,IBDPOSLTOFFDUAL,Float,1,R/W,100,,,,,,,,,,,
789,IbdPosLtoffGas,IBDPOSLTOFFGAS,Float,1,R/W,100,,,,,,,,,,,
790,IbdPosLtoffOil,IBDPOSLTOFFOIL,Float,1,R/W,100,,,,,,,,,,,
791,IbdPosOil,IBDPOSOIL,Float,1,R/W,100,,,,,,,,,,,
792,IdfSpd,IDFSPD,Float,1,R/W,100,,,,,,,,,,,
793,IdfSpdDev,IDFSPDDEV,Float,1,R/W,100,,,,,,,,,,,
794,IvdPos,IVDPOS,Float,1,R/W,100,,,,,,,,,,,
795,IvdPosDev,IVDPOSDEV,Float,1,R/W,100,,,,,,,,,,,
796,IvdPosFb,IVDPOSFB,Float,1,R/W,100,,,,,,,,,,,
797,IvdPosFbMax,IVDPOSFBMAX,Float,1,R/W,100,,,,,,,,,,,
798,IvdPosFbMin,IVDPOSFBMIN,Float,1,R/W,100,,,,,,,,,,,
799,IvdPosFbPct,IVDPOSFBPCT,Float,1,R/W,100,,,,,,,,,,,
800,IvdPosFbRng,IVDPOSFBRNG,Float,1,R/W,100,,,,,,,,,,,
801,JckPos,JCKPOS,Float,1,R/W,100,,,,,,,,,,,
802,JckPosDev,JCKPOSDEV,Float,1,R/W,100,,,,,,,,,,,
803,L13Cv,L13CV,Float,1,R/W,100,,,,,,,,,,,
804,L13Db,L13DB,Float,1,R/W,100,,,,,,,,,,,
805,L13ErrAlDb,L13ERRALDB,Float,1,R/W,100,,,,,,,,,,,
806,L13ErrNegAlLim,L13ERRNEGALLIM,Float,1,R/W,100,,,,,,,,,,,
807,L13ErrPosAlLim,L13ERRPOSALLIM,Float,1,R/W,100,,,,,,,,,,,
808,L13Kc,L13KC,Float,1,R/W,100,,,,,,,,,,,
809,L13Out,L13OUT,Float,1,R/W,100,,,,,,,,,,,
810,L13Pv,L13PV,Float,1,R/W,100,,,,,,,,,,,
811,L13PvAlDb,L13PVALDB,Float,1,R/W,100,,,,,,,,,,,
812,L13PvHiAlLim,L13PVHIALLIM,Float,1,R/W,100,,,,,,,,,,,
813,L13PvLoAlLim,L13PVLOALLIM,Float,1,R/W,100,,,,,,,,,,,
814,L13PvMax,L13PVMAX,Float,1,R/W,100,,,,,,,,,,,
815,L13PvMin,L13PVMIN,Float,1,R/W,100,,,,,,,,,,,
816,L13PvPct,L13PVPCT,Float,1,R/W,100,,,,,,,,,,,
817,L13PvRng,L13PVRNG,Float,1,R/W,100,,,,,,,,,,,
818,L13PvSpDev,L13PVSPDEV,Float,1,R/W,100,,,,,,,,,,,
819,L13Sp,L13SP,Float,1,R/W,100,,,,,,,,,,,
820,L13Spare5,L13SPARE5,Float,1,R/W,100,,,,,,,,,,,
821,L13SpareParm1,L13SPAREPARM1,Float,1,R/W,100,,,,,,,,,,,
822,L13SpareParm2,L13SPAREPARM2,Float,1,R/W,100,,,,,,,,,,,
823,L13SpGas,L13SPGAS,Float,1,R/W,100,,,,,,,,,,,
824,L13SpHiLim,L13SPHILIM,Float,1,R/W,100,,,,,,,,,,,
825,L13SpLoLim,L13SPLOLIM,Float,1,R/W,100,,,,,,,,,,,
826,L13SpOil,L13SPOIL,Float,1,R/W,100,,,,,,,,,,,
827,L13SpPct,L13SPPCT,Float,1,R/W,100,,,,,,,,,,,
828,L13Td,L13TD,Float,1,R/W,100,,,,,,,,,,,
829,L13Ti,L13TI,Float,1,R/W,100,,,,,,,,,,,
830,L13Trm,L13TRM,Float,1,R/W,100,,,,,,,,,,,
831,L14Cv,L14CV,Float,1,R/W,100,,,,,,,,,,,
832,L14Db,L14DB,Float,1,R/W,100,,,,,,,,,,,
833,L14ErrAlDb,L14ERRALDB,Float,1,R/W,100,,,,,,,,,,,
834,L14ErrNegAlLim,L14ERRNEGALLIM,Float,1,R/W,100,,,,,,,,,,,
835,L14ErrPosAlLim,L14ERRPOSALLIM,Float,1,R/W,100,,,,,,,,,,,
836,L14Kc,L14KC,Float,1,R/W,100,,,,,,,,,,,
837,L14Out,L14OUT,Float,1,R/W,100,,,,,,,,,,,
838,L14Pv,L14PV,Float,1,R/W,100,,,,,,,,,,,
839,L14PvAlDb,L14PVALDB,Float,1,R/W,100,,,,,,,,,,,
840,L14PvHiAlLim,L14PVHIALLIM,Float,1,R/W,100,,,,,,,,,,,
841,L14PvLoAlLim,L14PVLOALLIM,Float,1,R/W,100,,,,,,,,,,,
842,L14PvMax,L14PVMAX,Float,1,R/W,100,,,,,,,,,,,
843,L14PvMin,L14PVMIN,Float,1,R/W,100,,,,,,,,,,,
844,L14PvPct,L14PVPCT,Float,1,R/W,100,,,,,,,,,,,
845,L14PvRng,L14PVRNG,Float,1,R/W,100,,,,,,,,,,,
846,L14PvSpDev,L14PVSPDEV,Float,1,R/W,100,,,,,,,,,,,
847,L14Sp,L14SP,Float,1,R/W,100,,,,,,,,,,,
848,L14Spare2,L14SPARE2,Float,1,R/W,100,,,,,,,,,,,
849,L14Spare3,L14SPARE3,Float,1,R/W,100,,,,,,,,,,,
850,L14Spare4,L14SPARE4,Float,1,R/W,100,,,,,,,,,,,
851,L14Spare5,L14SPARE5,Float,1,R/W,100,,,,,,,,,,,
852,L14SpareParm1,L14SPAREPARM1,Float,1,R/W,100,,,,,,,,,,,
853,L14SpareParm2,L14SPAREPARM2,Float,1,R/W,100,,,,,,,,,,,
854,L14SpHiLim,L14SPHILIM,Float,1,R/W,100,,,,,,,,,,,
855,L14SpLoLim,L14SPLOLIM,Float,1,R/W,100,,,,,,,,,,,
856,L14SpPct,L14SPPCT,Float,1,R/W,100,,,,,,,,,,,
857,L14Td,L14TD,Float,1,R/W,100,,,,,,,,,,,
858,L14Ti,L14TI,Float,1,R/W,100,,,,,,,,,,,
859,L15Cv,L15CV,Float,1,R/W,100,,,,,,,,,,,
860,L15Db,L15DB,Float,1,R/W,100,,,,,,,,,,,
861,L15ErrAlDb,L15ERRALDB,Float,1,R/W,100,,,,,,,,,,,
862,L15ErrNegAlLim,L15ERRNEGALLIM,Float,1,R/W,100,,,,,,,,,,,
863,L15ErrPosAlLim,L15ERRPOSALLIM,Float,1,R/W,100,,,,,,,,,,,
864,L15Kc,L15KC,Float,1,R/W,100,,,,,,,,,,,
865,L15Out,L15OUT,Float,1,R/W,100,,,,,,,,,,,
866,L15Pv,L15PV,Float,1,R/W,100,,,,,,,,,,,
867,L15PvAlDb,L15PVALDB,Float,1,R/W,100,,,,,,,,,,,
868,L15PvHiAlLim,L15PVHIALLIM,Float,1,R/W,100,,,,,,,,,,,
869,L15PvLoAlLim,L15PVLOALLIM,Float,1,R/W,100,,,,,,,,,,,
870,L15PvMax,L15PVMAX,Float,1,R/W,100,,,,,,,,,,,
871,L15PvMin,L15PVMIN,Float,1,R/W,100,,,,,,,,,,,
872,L15PvPct,L15PVPCT,Float,1,R/W,100,,,,,,,,,,,
873,L15PvRng,L15PVRNG,Float,1,R/W,100,,,,,,,,,,,
874,L15PvSpDev,L15PVSPDEV,Float,1,R/W,100,,,,,,,,,,,
875,L15Sp,L15SP,Float,1,R/W,100,,,,,,,,,,,
876,L15Spare2,L15SPARE2,Float,1,R/W,100,,,,,,,,,,,
877,L15Spare3,L15SPARE3,Float,1,R/W,100,,,,,,,,,,,
878,L15Spare4,L15SPARE4,Float,1,R/W,100,,,,,,,,,,,
879,L15Spare5,L15SPARE5,Float,1,R/W,100,,,,,,,,,,,
880,L15SpareParm1,L15SPAREPARM1,Float,1,R/W,100,,,,,,,,,,,
881,L15SpareParm2,L15SPAREPARM2,Float,1,R/W,100,,,,,,,,,,,
882,L15SpHiLim,L15SPHILIM,Float,1,R/W,100,,,,,,,,,,,
883,L15SpLoLim,L15SPLOLIM,Float,1,R/W,100,,,,,,,,,,,
884,L15SpPct,L15SPPCT,Float,1,R/W,100,,,,,,,,,,,
885,L15Td,L15TD,Float,1,R/W,100,,,,,,,,,,,
886,L15Ti,L15TI,Float,1,R/W,100,,,,,,,,,,,
887,L16ActMinTmp,L16ACTMINTMP,Float,1,R/W,100,,,,,,,,,,,
888,L16Cv,L16CV,Float,1,R/W,100,,,,,,,,,,,
889,L16Db,L16DB,Float,1,R/W,100,,,,,,,,,,,
890,L16ErrAlDb,L16ERRALDB,Float,1,R/W,100,,,,,,,,,,,
891,L16ErrNegAlLim,L16ERRNEGALLIM,Float,1,R/W,100,,,,,,,,,,,
892,L16ErrPosAlLim,L16ERRPOSALLIM,Float,1,R/W,100,,,,,,,,,,,
893,L16Kc,L16KC,Float,1,R/W,100,,,,,,,,,,,
894,L16Out,L16OUT,Float,1,R/W,100,,,,,,,,,,,
895,L16OutMax,L16OUTMAX,Float,1,R/W,100,,,,,,,,,,,
896,L16OutMin,L16OUTMIN,Float,1,R/W,100,,,,,,,,,,,
897,L16Pv,L16PV,Float,1,R/W,100,,,,,,,,,,,
898,L16PvAlDb,L16PVALDB,Float,1,R/W,100,,,,,,,,,,,
899,L16PvHiAlLim,L16PVHIALLIM,Float,1,R/W,100,,,,,,,,,,,
900,L16PvLoAlLim,L16PVLOALLIM,Float,1,R/W,100,,,,,,,,,,,
901,L16PvMax,L16PVMAX,Float,1,R/W,100,,,,,,,,,,,
902,L16PvMin,L16PVMIN,Float,1,R/W,100,,,,,,,,,,,
903,L16PvPct,L16PVPCT,Float,1,R/W,100,,,,,,,,,,,
904,L16PvRng,L16PVRNG,Float,1,R/W,100,,,,,,,,,,,
905,L16PvSpDev,L16PVSPDEV,Float,1,R/W,100,,,,,,,,,,,
906,L16Sp,L16SP,Float,1,R/W,100,,,,,,,,,,,
907,L16Spare4,L16SPARE4,Float,1,R/W,100,,,,,,,,,,,
908,L16Spare5,L16SPARE5,Float,1,R/W,100,,,,,,,,,,,
909,L16SpareParm2,L16SPAREPARM2,Float,1,R/W,100,,,,,,,,,,,
910,L16SpHiLim,L16SPHILIM,Float,1,R/W,100,,,,,,,,,,,
911,L16SpLoLim,L16SPLOLIM,Float,1,R/W,100,,,,,,,,,,,
912,L16SpPct,L16SPPCT,Float,1,R/W,100,,,,,,,,,,,
913,L16Td,L16TD,Float,1,R/W,100,,,,,,,,,,,
914,L16Ti,L16TI,Float,1,R/W,100,,,,,,,,,,,
915,LastScan,LASTSCAN,Float,1,R/W,100,,,,,,,,,,,
916,LxxSpareParm11,LXXSPAREPARM11,Float,1,R/W,100,,,,,,,,,,,
917,LxxSpareParm12,LXXSPAREPARM12,Float,1,R/W,100,,,,,,,,,,,
918,LxxSpareParm13,LXXSPAREPARM13,Float,1,R/W,100,,,,,,,,,,,
919,LxxSpareParm14,LXXSPAREPARM14,Float,1,R/W,100,,,,,,,,,,,
920,LxxSpareParm15,LXXSPAREPARM15,Float,1,R/W,100,,,,,,,,,,,
921,LxxSpareParm16,LXXSPAREPARM16,Float,1,R/W,100,,,,,,,,,,,
922,LxxSpareParm17,LXXSPAREPARM17,Float,1,R/W,100,,,,,,,,,,,
923,LxxSpareParm18,LXXSPAREPARM18,Float,1,R/W,100,,,,,,,,,,,
924,LxxSpareParm19,LXXSPAREPARM19,Float,1,R/W,100,,,,,,,,,,,
925,LxxSpareParm20,LXXSPAREPARM20,Float,1,R/W,100,,,,,,,,,,,
926,LxxSpareParm21,LXXSPAREPARM21,Float,1,R/W,100,,,,,,,,,,,
927,LxxSpareParm22,LXXSPAREPARM22,Float,1,R/W,100,,,,,,,,,,,
928,LxxSpareParm23,LXXSPAREPARM23,Float,1,R/W,100,,,,,,,,,,,
929,LxxSpareParm24,LXXSPAREPARM24,Float,1,R/W,100,,,,,,,,,,,
930,LxxSpareParm25,LXXSPAREPARM25,Float,1,R/W,100,,,,,,,,,,,
931,MaxFuelSp,MAXFUELSP,Float,1,R/W,100,,,,,,,,,,,
932,MaxScan,MAXSCAN,Float,1,R/W,100,,,,,,,,,,,
933,McrCv,MCRCV,Float,1,R/W,100,,,,,,,,,,,
934,McrDb,MCRDB,Float,1,R/W,100,,,,,,,,,,,
935,McrErrAlDb,MCRERRALDB,Float,1,R/W,100,,,,,,,,,,,
936,McrErrNegAlLim,MCRERRNEGALLIM,Float,1,R/W,100,,,,,,,,,,,
937,McrErrPosAlLim,MCRERRPOSALLIM,Float,1,R/W,100,,,,,,,,,,,
938,McrKc,MCRKC,Float,1,R/W,100,,,,,,,,,,,
939,McrOut,MCROUT,Float,1,R/W,100,,,,,,,,,,,
940,McrOutBias,MCROUTBIAS,Float,1,R/W,100,,,,,,,,,,,
941,McrOutLtoffGas,MCROUTLTOFFGAS,Float,1,R/W,100,,,,,,,,,,,
942,McrOutLtoffOil,MCROUTLTOFFOIL,Float,1,R/W,100,,,,,,,,,,,
943,McrOutMax,MCROUTMAX,Float,1,R/W,100,,,,,,,,,,,
944,McrOutMin,MCROUTMIN,Float,1,R/W,100,,,,,,,,,,,
945,McrPv,MCRPV,Float,1,R/W,100,,,,,,,,,,,
946,McrPvAlDb,MCRPVALDB,Float,1,R/W,100,,,,,,,,,,,
947,McrPvHiAlLim,MCRPVHIALLIM,Float,1,R/W,100,,,,,,,,,,,
948,McrPvLoAlLim,MCRPVLOALLIM,Float,1,R/W,100,,,,,,,,,,,
949,McrPvMax,MCRPVMAX,Float,1,R/W,100,,,,,,,,,,,
950,McrPvMin,MCRPVMIN,Float,1,R/W,100,,,,,,,,,,,
951,McrPvMinAuto,MCRPVMINAUTO,Float,1,R/W,100,,,,,,,,,,,
952,McrPvPct,MCRPVPCT,Float,1,R/W,100,,,,,,,,,,,
953,McrPvRng,MCRPVRNG,Float,1,R/W,100,,,,,,,,,,,
954,McrPvSpDev,MCRPVSPDEV,Float,1,R/W,100,,,,,,,,,,,
955,McrRemDmd,MCRREMDMD,Float,1,R/W,100,,,,,,,,,,,
956,McrSp,MCRSP,Float,1,R/W,100,,,,,,,,,,,
957,McrSpare2,MCRSPARE2,Float,1,R/W,100,,,,,,,,,,,
958,McrSpareParm1,MCRSPAREPARM1,Float,1,R/W,100,,,,,,,,,,,
959,McrSpareParm2,MCRSPAREPARM2,Float,1,R/W,100,,,,,,,,,,,
960,McrSpHiLim,MCRSPHILIM,Float,1,R/W,100,,,,,,,,,,,
961,McrSpLoLim,MCRSPLOLIM,Float,1,R/W,100,,,,,,,,,,,
962,McrSpPct,MCRSPPCT,Float,1,R/W,100,,,,,,,,,,,
963,McrTd,MCRTD,Float,1,R/W,100,,,,,,,,,,,
964,McrTi,MCRTI,Float,1,R/W,100,,,,,,,,,,,
965,MdPcvPos,MDPCVPOS,Float,1,R/W,100,,,,,,,,,,,
966,MdPcvPosDev,MDPCVPOSDEV,Float,1,R/W,100,,,,,,,,,,,
967,MinAirSp,MINAIRSP,Float,1,R/W,100,,,,,,,,,,,
968,MstrDmd,MSTRDMD,Float,1,R/W,100,,,,,,,,,,,
969,MstrDmdChgRate,MSTRDMDCHGRATE,Float,1,R/W,100,,,,,,,,,,,
970,OilAtmDp,OILATMDP,Float,1,R/W,100,,,,,,,,,,,
971,OilAtmDpMax,OILATMDPMAX,Float,1,R/W,100,,,,,,,,,,,
972,OilAtmDpMin,OILATMDPMIN,Float,1,R/W,100,,,,,,,,,,,
973,OilAtmDpPct,OILATMDPPCT,Float,1,R/W,100,,,,,,,,,,,
974,OilAtmDpRng,OILATMDPRNG,Float,1,R/W,100,,,,,,,,,,,
975,OilCv,OILCV,Float,1,R/W,100,,,,,,,,,,,
976,OilDb,OILDB,Float,1,R/W,100,,,,,,,,,,,
977,OilErrAlDb,OILERRALDB,Float,1,R/W,100,,,,,,,,,,,
978,OilErrNegAlLim,OILERRNEGALLIM,Float,1,R/W,100,,,,,,,,,,,
979,OilErrPosAlLim,OILERRPOSALLIM,Float,1,R/W,100,,,,,,,,,,,
980,OilFcvPos,OILFCVPOS,Float,1,R/W,100,,,,,,,,,,,
981,OilFcvPosDev,OILFCVPOSDEV,Float,1,R/W,100,,,,,,,,,,,
982,OilFcvPosFb,OILFCVPOSFB,Float,1,R/W,100,,,,,,,,,,,
983,OilFcvPosFbMax,OILFCVPOSFBMAX,Float,1,R/W,100,,,,,,,,,,,
984,OilFcvPosFbMin,OILFCVPOSFBMIN,Float,1,R/W,100,,,,,,,,,,,
985,OilFcvPosFbPct,OILFCVPOSFBPCT,Float,1,R/W,100,,,,,,,,,,,
986,OilFcvPosFbRng,OILFCVPOSFBRNG,Float,1,R/W,100,,,,,,,,,,,
987,OilFlw,OILFLW,Float,1,R/W,100,,,,,,,,,,,
988,OilFlwMax,OILFLWMAX,Float,1,R/W,100,,,,,,,,,,,
989,OilFlwMin,OILFLWMIN,Float,1,R/W,100,,,,,,,,,,,
990,OilFlwPct,OILFLWPCT,Float,1,R/W,100,,,,,,,,,,,
991,OilFlwRng,OILFLWRNG,Float,1,R/W,100,,,,,,,,,,,
992,OilFlwTtl,OILFLWTTL,Float,1,R/W,100,,,,,,,,,,,
993,OilKc,OILKC,Float,1,R/W,100,,,,,,,,,,,
994,OilKcFast,OILKCFAST,Float,1,R/W,100,,,,,,,,,,,
995,OilMeasFlw,OILMEASFLW,Float,1,R/W,100,,,,,,,,,,,
996,OilMeasFlwPct,OILMEASFLWPCT,Float,1,R/W,100,,,,,,,,,,,
997,OilOut,OILOUT,Float,1,R/W,100,,,,,,,,,,,
998,OilOutLtoff,OILOUTLTOFF,Float,1,R/W,100,,,,,,,,,,,
999,OilPv,OILPV,Float,1,R/W,100,,,,,,,,,,,
1000,OilPvAlDb,OILPVALDB,Float,1,R/W,100,,,,,,,,,,,
1001,OilPvGain,OILPVGAIN,Float,1,R/W,100,,,,,,,,,,,
1002,OilPvHiAlLim,OILPVHIALLIM,Float,1,R/W,100,,,,,,,,,,,
1003,OilPvLoAlLim,OILPVLOALLIM,Float,1,R/W,100,,,,,,,,,,,
1004,OilPvMax,OILPVMAX,Float,1,R/W,100,,,,,,,,,,,
1005,OilPvMin,OILPVMIN,Float,1,R/W,100,,,,,,,,,,,
1006,OilPvPreFar,OILPVPREFAR,Float,1,R/W,100,,,,,,,,,,,
1007,OilPvRng,OILPVRNG,Float,1,R/W,100,,,,,,,,,,,
1008,OilPvSpDev,OILPVSPDEV,Float,1,R/W,100,,,,,,,,,,,
1009,OilSp,OILSP,Float,1,R/W,100,,,,,,,,,,,
1010,OilSpHiLim,OILSPHILIM,Float,1,R/W,100,,,,,,,,,,,
1011,OilSpLoLim,OILSPLOLIM,Float,1,R/W,100,,,,,,,,,,,
1012,OilTd,OILTD,Float,1,R/W,100,,,,,,,,,,,
1013,OilTdFast,OILTDFAST,Float,1,R/W,100,,,,,,,,,,,
1014,OilTi,OILTI,Float,1,R/W,100,,,,,,,,,,,
1015,OilTiFast,OILTIFAST,Float,1,R/W,100,,,,,,,,,,,
1016,OilTmp,OILTMP,Float,1,R/W,100,,,,,,,,,,,
1017,OilTmpMax,OILTMPMAX,Float,1,R/W,100,,,,,,,,,,,
1018,OilTmpMin,OILTMPMIN,Float,1,R/W,100,,,,,,,,,,,
1019,OilTmpPct,OILTMPPCT,Float,1,R/W,100,,,,,,,,,,,
1020,OilTmpRng,OILTMPRNG,Float,1,R/W,100,,,,,,,,,,,
1021,OpStmPrs,OPSTMPRS,Float,1,R/W,100,,,,,,,,,,,
1022,OpStmTmp,OPSTMTMP,Float,1,R/W,100,,,,,,,,,,,
1023,OutDmpPos,OUTDMPPOS,Float,1,R/W,100,,,,,,,,,,,
1024,OutDmpPosDev,OUTDMPPOSDEV,Float,1,R/W,100,,,,,,,,,,,
1025,OutDmpPosFb,OUTDMPPOSFB,Float,1,R/W,100,,,,,,,,,,,
1026,OutDmpPosFbMax,OUTDMPPOSFBMAX,Float,1,R/W,100,,,,,,,,,,,
1027,OutDmpPosFbMin,OUTDMPPOSFBMIN,Float,1,R/W,100,,,,,,,,,,,
1028,OutDmpPosFbPct,OUTDMPPOSFBPCT,Float,1,R/W,100,,,,,,,,,,,
1029,OutDmpPosFbRng,OUTDMPPOSFBRNG,Float,1,R/W,100,,,,,,,,,,,
1030,OutDmpPosFrmDmd,OUTDMPPOSFRMDMD,Float,1,R/W,100,,,,,,,,,,,
1031,OxCv,OXCV,Float,1,R/W,100,,,,,,,,,,,
1032,OxDb,OXDB,Float,1,R/W,100,,,,,,,,,,,
1033,OxErrAlDb,OXERRALDB,Float,1,R/W,100,,,,,,,,,,,
1034,OxErrNegAlLim,OXERRNEGALLIM,Float,1,R/W,100,,,,,,,,,,,
1035,OxErrPosAlLim,OXERRPOSALLIM,Float,1,R/W,100,,,,,,,,,,,
1036,OxKc,OXKC,Float,1,R/W,100,,,,,,,,,,,
1037,OxMinDmdAutoAct,OXMINDMDAUTOACT,Float,1,R/W,100,,,,,,,,,,,
1038,OxOut,OXOUT,Float,1,R/W,100,,,,,,,,,,,
1039,OxPv,OXPV,Float,1,R/W,100,,,,,,,,,,,
1040,OxPvAlDb,OXPVALDB,Float,1,R/W,100,,,,,,,,,,,
1041,OxPvHiAlLim,OXPVHIALLIM,Float,1,R/W,100,,,,,,,,,,,
1042,OxPvLoAlLim,OXPVLOALLIM,Float,1,R/W,100,,,,,,,,,,,
1043,OxPvMax,OXPVMAX,Float,1,R/W,100,,,,,,,,,,,
1044,OxPvMin,OXPVMIN,Float,1,R/W,100,,,,,,,,,,,
1045,OxPvPct,OXPVPCT,Float,1,R/W,100,,,,,,,,,,,
1046,OxPvRng,OXPVRNG,Float,1,R/W,100,,,,,,,,,,,
1047,OxPvSpDev,OXPVSPDEV,Float,1,R/W,100,,,,,,,,,,,
1048,OxSp,OXSP,Float,1,R/W,100,,,,,,,,,,,
1049,OxSpare2,OXSPARE2,Float,1,R/W,100,,,,,,,,,,,
1050,OxSpare3,OXSPARE3,Float,1,R/W,100,,,,,,,,,,,
1051,OxSpareParm1,OXSPAREPARM1,Float,1,R/W,100,,,,,,,,,,,
1052,OxSpBias,OXSPBIAS,Float,1,R/W,100,,,,,,,,,,,
1053,OxSpFromFuel,OXSPFROMFUEL,Float,1,R/W,100,,,,,,,,,,,
1054,OxSpHiLim,OXSPHILIM,Float,1,R/W,100,,,,,,,,,,,
1055,OxSpLoLim,OXSPLOLIM,Float,1,R/W,100,,,,,,,,,,,
1056,OxSpPct,OXSPPCT,Float,1,R/W,100,,,,,,,,,,,
1057,OxTd,OXTD,Float,1,R/W,100,,,,,,,,,,,
1058,OxTi,OXTI,Float,1,R/W,100,,,,,,,,,,,
1059,OxTrimVal,OXTRIMVAL,Float,1,R/W,100,,,,,,,,,,,
1060,PotWtrPrsHiLim,POTWTRPRSHILIM,Float,1,R/W,100,,,,,,,,,,,
1061,PotWtrPrsLoLim,POTWTRPRSLOLIM,Float,1,R/W,100,,,,,,,,,,,
1062,PpDmdMaxGas,PPDMDMAXGAS,Float,1,R/W,100,,,,,,,,,,,
1063,PpDmdMaxOil,PPDMDMAXOIL,Float,1,R/W,100,,,,,,,,,,,
1064,PpDmdMinGas,PPDMDMINGAS,Float,1,R/W,100,,,,,,,,,,,
1065,PpDmdMinOil,PPDMDMINOIL,Float,1,R/W,100,,,,,,,,,,,
1066,RemDmd,REMDMD,Float,1,R/W,100,,,,,,,,,,,
1067,RemDmdMax,REMDMDMAX,Float,1,R/W,100,,,,,,,,,,,
1068,RemDmdMin,REMDMDMIN,Float,1,R/W,100,,,,,,,,,,,
1069,RemDmdPct,REMDMDPCT,Float,1,R/W,100,,,,,,,,,,,
1070,RemDmdRng,REMDMDRNG,Float,1,R/W,100,,,,,,,,,,,
1071,Rlm01_F,RLM01_F,Float,1,R/W,100,,,,,,,,,,,
1072,Rlm01_R,RLM01_R,Float,1,R/W,100,,,,,,,,,,,
1073,Rlm02_F,RLM02_F,Float,1,R/W,100,,,,,,,,,,,
1074,Rlm02_R,RLM02_R,Float,1,R/W,100,,,,,,,,,,,
1075,Rlm03_F,RLM03_F,Float,1,R/W,100,,,,,,,,,,,
1076,Rlm03_R,RLM03_R,Float,1,R/W,100,,,,,,,,,,,
1077,Rlm04_F,RLM04_F,Float,1,R/W,100,,,,,,,,,,,
1078,Rlm04_R,RLM04_R,Float,1,R/W,100,,,,,,,,,,,
1079,Rlm05_F,RLM05_F,Float,1,R/W,100,,,,,,,,,,,
1080,Rlm05_R,RLM05_R,Float,1,R/W,100,,,,,,,,,,,
1081,Rlm06_F,RLM06_F,Float,1,R/W,100,,,,,,,,,,,
1082,Rlm06_R,RLM06_R,Float,1,R/W,100,,,,,,,,,,,
1083,Rlm07_F,RLM07_F,Float,1,R/W,100,,,,,,,,,,,
1084,Rlm07_R,RLM07_R,Float,1,R/W,100,,,,,,,,,,,
1085,Rlm08_F,RLM08_F,Float,1,R/W,100,,,,,,,,,,,
1086,Rlm08_R,RLM08_R,Float,1,R/W,100,,,,,,,,,,,
1087,Rlm09_F,RLM09_F,Float,1,R/W,100,,,,,,,,,,,
1088,Rlm09_R,RLM09_R,Float,1,R/W,100,,,,,,,,,,,
1089,Rlm10_F,RLM10_F,Float,1,R/W,100,,,,,,,,,,,
1090,Rlm10_R,RLM10_R,Float,1,R/W,100,,,,,,,,,,,
1091,Rlm11_F,RLM11_F,Float,1,R/W,100,,,,,,,,,,,
1092,Rlm11_R,RLM11_R,Float,1,R/W,100,,,,,,,,,,,
1093,Rlm12_F,RLM12_F,Float,1,R/W,100,,,,,,,,,,,
1094,Rlm12_R,RLM12_R,Float,1,R/W,100,,,,,,,,,,,
1095,Rlm13_F,RLM13_F,Float,1,R/W,100,,,,,,,,,,,
1096,Rlm13_R,RLM13_R,Float,1,R/W,100,,,,,,,,,,,
1097,Rlm14_F,RLM14_F,Float,1,R/W,100,,,,,,,,,,,
1098,Rlm14_R,RLM14_R,Float,1,R/W,100,,,,,,,,,,,
1099,Rlm15_F,RLM15_F,Float,1,R/W,100,,,,,,,,,,,
1100,Rlm15_R,RLM15_R,Float,1,R/W,100,,,,,,,,,,,
1101,Rlm16_F,RLM16_F,Float,1,R/W,100,,,,,,,,,,,
1102,Rlm16_R,RLM16_R,Float,1,R/W,100,,,,,,,,,,,
1103,ScanTime,SCANTIME,Float,1,R/W,100,,,,,,,,,,,
1104,ShOutStmPrs,SHOUTSTMPRS,Float,1,R/W,100,,,,,,,,,,,
1105,ShOutStmPrsMax,SHOUTSTMPRSMAX,Float,1,R/W,100,,,,,,,,,,,
1106,ShOutStmPrsMin,SHOUTSTMPRSMIN,Float,1,R/W,100,,,,,,,,,,,
1107,ShOutStmPrsPct,SHOUTSTMPRSPCT,Float,1,R/W,100,,,,,,,,,,,
1108,ShOutStmPrsRng,SHOUTSTMPRSRNG,Float,1,R/W,100,,,,,,,,,,,
1109,ShOutStmTmp,SHOUTSTMTMP,Float,1,R/W,100,,,,,,,,,,,
1110,ShOutStmTmpMax,SHOUTSTMTMPMAX,Float,1,R/W,100,,,,,,,,,,,
1111,ShOutStmTmpMin,SHOUTSTMTMPMIN,Float,1,R/W,100,,,,,,,,,,,
1112,ShOutStmTmpPct,SHOUTSTMTMPPCT,Float,1,R/W,100,,,,,,,,,,,
1113,ShOutStmTmpRng,SHOUTSTMTMPRNG,Float,1,R/W,100,,,,,,,,,,,
1114,ShStmDenRef,SHSTMDENREF,Float,1,R/W,100,,,,,,,,,,,
1115,ShStmFlwRef,SHSTMFLWREF,Float,1,R/W,100,,,,,,,,,,,
1116,Spare17Pos,SPARE17POS,Float,1,R/W,100,,,,,,,,,,,
1117,Spare17PosDev,SPARE17POSDEV,Float,1,R/W,100,,,,,,,,,,,
1118,Spare26Pos,SPARE26POS,Float,1,R/W,100,,,,,,,,,,,
1119,Spare26PosDev,SPARE26POSDEV,Float,1,R/W,100,,,,,,,,,,,
1120,Spare27Pos,SPARE27POS,Float,1,R/W,100,,,,,,,,,,,
1121,Spare27PosDev,SPARE27POSDEV,Float,1,R/W,100,,,,,,,,,,,
1122,Spare28Pos,SPARE28POS,Float,1,R/W,100,,,,,,,,,,,
1123,Spare28PosDev,SPARE28POSDEV,Float,1,R/W,100,,,,,,,,,,,
1124,Spare29Pos,SPARE29POS,Float,1,R/W,100,,,,,,,,,,,
1125,Spare29PosDev,SPARE29POSDEV,Float,1,R/W,100,,,,,,,,,,,
1126,Spare30Pos,SPARE30POS,Float,1,R/W,100,,,,,,,,,,,
1127,Spare30PosDev,SPARE30POSDEV,Float,1,R/W,100,,,,,,,,,,,
1128,Spare31Pos,SPARE31POS,Float,1,R/W,100,,,,,,,,,,,
1129,Spare31PosDev,SPARE31POSDEV,Float,1,R/W,100,,,,,,,,,,,
1130,Spare32Pos,SPARE32POS,Float,1,R/W,100,,,,,,,,,,,
1131,Spare32PosDev,SPARE32POSDEV,Float,1,R/W,100,,,,,,,,,,,
1132,StmDen,STMDEN,Float,1,R/W,100,,,,,,,,,,,
1133,StmDrmPrsA,STMDRMPRSA,Float,1,R/W,100,,,,,,,,,,,
1134,StmDrmPrsAMax,STMDRMPRSAMAX,Float,1,R/W,100,,,,,,,,,,,
1135,StmDrmPrsAMin,STMDRMPRSAMIN,Float,1,R/W,100,,,,,,,,,,,
1136,StmDrmPrsAPct,STMDRMPRSAPCT,Float,1,R/W,100,,,,,,,,,,,
1137,StmDrmPrsARng,STMDRMPRSARNG,Float,1,R/W,100,,,,,,,,,,,
1138,StmDrmPrsB,STMDRMPRSB,Float,1,R/W,100,,,,,,,,,,,
1139,StmDrmPrsBMax,STMDRMPRSBMAX,Float,1,R/W,100,,,,,,,,,,,
1140,StmDrmPrsBMin,STMDRMPRSBMIN,Float,1,R/W,100,,,,,,,,,,,
1141,StmDrmPrsBPct,STMDRMPRSBPCT,Float,1,R/W,100,,,,,,,,,,,
1142,StmDrmPrsBRng,STMDRMPRSBRNG,Float,1,R/W,100,,,,,,,,,,,
1143,StmDrmPrsDevEuLim,STMDRMPRSDEVEULIM,Float,1,R/W,100,,,,,,,,,,,
1144,StmDrmPrsEuAvg,STMDRMPRSEUAVG,Float,1,R/W,100,,,,,,,,,,,
1145,StmDrmPrsEuDev,STMDRMPRSEUDEV,Float,1,R/W,100,,,,,,,,,,,
1146,StmDrmPrsPctAvg,STMDRMPRSPCTAVG,Float,1,R/W,100,,,,,,,,,,,
1147,StmFlw,STMFLW,Float,1,R/W,100,,,,,,,,,,,
1148,StmFlwDp,STMFLWDP,Float,1,R/W,100,,,,,,,,,,,
1149,StmFlwDpMax,STMFLWDPMAX,Float,1,R/W,100,,,,,,,,,,,
1150,StmFlwDpMin,STMFLWDPMIN,Float,1,R/W,100,,,,,,,,,,,
1151,StmFlwDpPct,STMFLWDPPCT,Float,1,R/W,100,,,,,,,,,,,
1152,StmFlwDpRef,STMFLWDPREF,Float,1,R/W,100,,,,,,,,,,,
1153,StmFlwDpRng,STMFLWDPRNG,Float,1,R/W,100,,,,,,,,,,,
1154,StmFlwMax,STMFLWMAX,Float,1,R/W,100,,,,,,,,,,,
1155,StmFlwMin,STMFLWMIN,Float,1,R/W,100,,,,,,,,,,,
1156,StmFlwPct,STMFLWPCT,Float,1,R/W,100,,,,,,,,,,,
1157,StmFlwRng,STMFLWRNG,Float,1,R/W,100,,,,,,,,,,,
1158,StmFlwTtl,STMFLWTTL,Float,1,R/W,100,,,,,,,,,,,
1159,StmInjFcvPos,STMINJFCVPOS,Float,1,R/W,100,,,,,,,,,,,
1160,StmInjFcvPosDev,STMINJFCVPOSDEV,Float,1,R/W,100,,,,,,,,,,,
1161,StmInjOutLtoff,STMINJOUTLTOFF,Float,1,R/W,100,,,,,,,,,,,
1162,StmInjPrs,STMINJPRS,Float,1,R/W,100,,,,,,,,,,,
1163,StmInjPrsMax,STMINJPRSMAX,Float,1,R/W,100,,,,,,,,,,,
1164,StmInjPrsMin,STMINJPRSMIN,Float,1,R/W,100,,,,,,,,,,,
1165,StmInjPrsPct,STMINJPRSPCT,Float,1,R/W,100,,,,,,,,,,,
1166,StmInjPrsRng,STMINJPRSRNG,Float,1,R/W,100,,,,,,,,,,,
1167,StmOutPrs,STMOUTPRS,Float,1,R/W,100,,,,,,,,,,,
1168,StmOutPrsMax,STMOUTPRSMAX,Float,1,R/W,100,,,,,,,,,,,
1169,StmOutPrsMin,STMOUTPRSMIN,Float,1,R/W,100,,,,,,,,,,,
1170,StmOutPrsPct,STMOUTPRSPCT,Float,1,R/W,100,,,,,,,,,,,
1171,StmOutPrsRng,STMOUTPRSRNG,Float,1,R/W,100,,,,,,,,,,,
1172,StmOutTmp,STMOUTTMP,Float,1,R/W,100,,,,,,,,,,,
1173,StmOutTmpMax,STMOUTTMPMAX,Float,1,R/W,100,,,,,,,,,,,
1174,StmOutTmpMin,STMOUTTMPMIN,Float,1,R/W,100,,,,,,,,,,,
1175,StmOutTmpPct,STMOUTTMPPCT,Float,1,R/W,100,,,,,,,,,,,
1176,StmOutTmpRng,STMOUTTMPRNG,Float,1,R/W,100,,,,,,,,,,,
1177,StmTcvPos,STMTCVPOS,Float,1,R/W,100,,,,,,,,,,,
1178,StmTcvPosDev,STMTCVPOSDEV,Float,1,R/W,100,,,,,,,,,,,
1179,StmTmpShIn,STMTMPSHIN,Float,1,R/W,100,,,,,,,,,,,
1180,StmTmpShInMax,STMTMPSHINMAX,Float,1,R/W,100,,,,,,,,,,,
1181,StmTmpShInMin,STMTMPSHINMIN,Float,1,R/W,100,,,,,,,,,,,
1182,StmTmpShInPct,STMTMPSHINPCT,Float,1,R/W,100,,,,,,,,,,,
1183,StmTmpShInRng,STMTMPSHINRNG,Float,1,R/W,100,,,,,,,,,,,
1184,TtlFuelPv,TTLFUELPV,Float,1,R/W,100,,,,,,,,,,,
1185,TtlFuelSp,TTLFUELSP,Float,1,R/W,100,,,,,,,,,,,
1186,WbdPos,WBDPOS,Float,1,R/W,100,,,,,,,,,,,
1187,WbdPosDev,WBDPOSDEV,Float,1,R/W,100,,,,,,,,,,,
1188,WbdPosFb,WBDPOSFB,Float,1,R/W,100,,,,,,,,,,,
1189,WbdPosFbMax,WBDPOSFBMAX,Float,1,R/W,100,,,,,,,,,,,
1190,WbdPosFbMin,WBDPOSFBMIN,Float,1,R/W,100,,,,,,,,,,,
1191,WbdPosFbPct,WBDPOSFBPCT,Float,1,R/W,100,,,,,,,,,,,
1192,WbdPosFbRng,WBDPOSFBRNG,Float,1,R/W,100,,,,,,,,,,,
1193,WtrDen,WTRDEN,Float,1,R/W,100,,,,,,,,,,,
1194,WtrDenAmb,WTRDENAMB,Float,1,R/W,100,,,,,,,,,,,
1195,XlmDbnd,XLMDBND,Float,1,R/W,100,,,,,,,,,,,
